-- MySQL dump 10.13  Distrib 8.3.0, for Linux (x86_64)
--
-- Host: localhost    Database: sharep
-- ------------------------------------------------------
-- Server version	8.3.0

/*!40101 SET @OLD_CHARACTER_SET_CLIENT=@@CHARACTER_SET_CLIENT */;
/*!40101 SET @OLD_CHARACTER_SET_RESULTS=@@CHARACTER_SET_RESULTS */;
/*!40101 SET @OLD_COLLATION_CONNECTION=@@COLLATION_CONNECTION */;
/*!50503 SET NAMES utf8mb4 */;
/*!40103 SET @OLD_TIME_ZONE=@@TIME_ZONE */;
/*!40103 SET TIME_ZONE='+00:00' */;
/*!40014 SET @OLD_UNIQUE_CHECKS=@@UNIQUE_CHECKS, UNIQUE_CHECKS=0 */;
/*!40014 SET @OLD_FOREIGN_KEY_CHECKS=@@FOREIGN_KEY_CHECKS, FOREIGN_KEY_CHECKS=0 */;
/*!40101 SET @OLD_SQL_MODE=@@SQL_MODE, SQL_MODE='NO_AUTO_VALUE_ON_ZERO' */;
/*!40111 SET @OLD_SQL_NOTES=@@SQL_NOTES, SQL_NOTES=0 */;

--
-- Table structure for table `account`
--

DROP TABLE IF EXISTS `account`;
/*!40101 SET @saved_cs_client     = @@character_set_client */;
/*!50503 SET character_set_client = utf8mb4 */;
CREATE TABLE `account` (
  `id` bigint NOT NULL AUTO_INCREMENT,
  `created_at` datetime(6) DEFAULT NULL,
  `email` varchar(255) NOT NULL,
  `image_url` varchar(255) DEFAULT NULL,
  `nickname` varchar(8) NOT NULL,
  `password` varchar(255) NOT NULL,
  PRIMARY KEY (`id`),
  UNIQUE KEY `UK_q0uja26qgu1atulenwup9rxyr` (`email`)
) ENGINE=InnoDB AUTO_INCREMENT=9 DEFAULT CHARSET=utf8mb4 COLLATE=utf8mb4_0900_ai_ci;
/*!40101 SET character_set_client = @saved_cs_client */;

--
-- Dumping data for table `account`
--

LOCK TABLES `account` WRITE;
/*!40000 ALTER TABLE `account` DISABLE KEYS */;
INSERT INTO `account` VALUES (1,'2024-05-17 13:44:03.351998','yjk9805@naver.com','https://share-p.s3.ap-northeast-2.amazonaws.com/2024/05/17/646d3a97-b38c-499b-a67e-0e50fb2be9c4','유재건','$2a$10$gjidISSjjdl76gvOOZoTJeeK3.SkxsAgdKJ0QNtCwfjRdQWwKNhcG'),(2,'2024-05-17 13:45:22.381757','mehot98@gmail.com','https://share-p.s3.ap-northeast-2.amazonaws.com/2024/05/17/916ef214-65bf-4daa-bdfa-a5900550f057','이승민','$2a$10$rGo/5x7u7bgG6GBAqrnhB.gXe5sIW2nAoxiAq9aQ3DX5hjpV9lUDq'),(3,'2024-05-17 13:46:07.590620','rlatjdwp0211@naver.com',NULL,'성제띠','$2a$10$muHf4qROuPP52nX/Zx9F8eRf9OX5hZonnk4u7lQrtFaLmvWqOEuMy'),(4,'2024-05-17 13:46:23.541647','ssafy@ssafy.com','https://share-p.s3.ap-northeast-2.amazonaws.com/2024/05/17/ae4ea836-0b5e-4599-a81c-7ec7ab86a5b6','오상훈','$2a$10$ZDxKYnYJiUBSCIEZogTgQe5M2XskyxP7TqaH3uKNTvVnur6eg3vFK'),(5,'2024-05-17 13:47:22.910976','ssafy207@naver.com','https://share-p.s3.ap-northeast-2.amazonaws.com/2024/05/17/90ad3fa4-39a0-46b8-9577-17014cf8ece4','조성규','$2a$10$AlzCF9did6rueaAWg5d81ek3ShHNli/z7FkSa8tNTYsqL5RPoxkxO'),(6,'2024-05-17 13:55:35.376579','sjytis14@naver.com','https://share-p.s3.ap-northeast-2.amazonaws.com/2024/05/17/f7551135-40be-4799-ad69-733f9e1419bc','임서정','$2a$10$NLgWEDSCX.AnHJsjli3fDexUuyGOJHP9Dvuy.34uzGkFH5QmgjCI.'),(7,'2024-05-19 17:54:02.036821','test123@ssafy.com',NULL,'test','$2a$10$jCgf2igUeBKLTEbtD57eFezXKSLkjl.Q8YaDLzaclVi8FYy/10usu'),(8,'2024-05-20 02:44:50.192685','matilde73@bdcimail.com',NULL,'예준','$2a$10$rPI2fMjj7PwhNjlG.A8LYuImFYjhdx5ktUZCNudhlvkJJyZUoAApC');
/*!40000 ALTER TABLE `account` ENABLE KEYS */;
UNLOCK TABLES;

--
-- Table structure for table `api`
--

DROP TABLE IF EXISTS `api`;
/*!40101 SET @saved_cs_client     = @@character_set_client */;
/*!50503 SET character_set_client = utf8mb4 */;
CREATE TABLE `api` (
  `id` bigint NOT NULL,
  `method` enum('GET','POST','PUT','DELETE','PATCH') DEFAULT NULL,
  `request` varchar(255) DEFAULT NULL,
  `response` varchar(255) DEFAULT NULL,
  `url` varchar(255) DEFAULT NULL,
  PRIMARY KEY (`id`),
  CONSTRAINT `FKeeuqr9m4x5om2ienu5fouj6ga` FOREIGN KEY (`id`) REFERENCES `issue` (`id`)
) ENGINE=InnoDB DEFAULT CHARSET=utf8mb4 COLLATE=utf8mb4_0900_ai_ci;
/*!40101 SET character_set_client = @saved_cs_client */;

--
-- Dumping data for table `api`
--

LOCK TABLES `api` WRITE;
/*!40000 ALTER TABLE `api` DISABLE KEYS */;
INSERT INTO `api` VALUES (1,'POST','{\n    \"email\" :\"yjk9805@naver.com\",\n    \"password\" : \"1q2w3e4r\"\n}','{\n “apiToken” : “string”\n}','/api/auth/login'),(2,'POST','{\n\"email\" : \"yjk9805@naver.com\",\n\"nickname\" : \"biobebe\",\n\"password\" : \"1q2w3e4r\"\n}','{\n}','/api/accounts/sign-up'),(3,'POST','{\n}','{\n}\n','/api/auth/logout'),(4,'GET','{\n}','\n[\n{\n\"id\": 1,\n\"title\": \"test1\",\n\"bio\": \"소개입니다잉\",\n\"accounts\": [\n{\n\"id\": 1,\n\"nickname\": \"biobebe\",\n\"email\": \"yjk9805@naver.com\",\n\"imageUrl\": \"https://share-p.s3.ap-northeast-2.amazonaws.com/2024/05/02/50833b7a-fd3b-4391-b3d9-8fffbe0faa76\"\n},\n\n]','/api/projects'),(5,'GET','{\n}','{\n\"year\": 2024,\n\"jobCount\": 4,\n\"jobs\": [\n{\n\"step\": 0,\n\"count\": 0\n},\n}','/api/jobs'),(6,'POST','[\n    {\n        \"id\" : 1,\n        \"roles\" : [\"BACK_END\", \"FRONT_END\"]\n    },\n    {\n        \"id\" : 2,\n        \"roles\" : [\"FRONT_END\"]\n    }\n]','{\n}','/api/projects/{projectId}/members'),(7,'GET','{\n}','{\n\"2024-04-08\": 0,\n…\n\"2024-05-01\": 5,\n\"2024-05-02\": 0,\n\"2024-05-03\": 2,\n\"2024-05-04\": 1,\n\"2024-05-05\": 2,\n\"2024-05-06\": 0,\n\"2024-05-07\": 1\n}','/api/projects/{projectId}/accounts/{accountId}/contributions'),(8,'GET','{\n}',NULL,NULL),(9,'GET','{\n}',NULL,'/api/projects/{projectId}/now/issues'),(10,'GET','{\n}',NULL,'/api/projects/{projectId}/own/now/issues'),(20,NULL,NULL,NULL,NULL),(21,NULL,NULL,NULL,NULL),(22,NULL,NULL,NULL,NULL),(23,NULL,NULL,NULL,NULL),(24,NULL,NULL,NULL,NULL),(25,NULL,NULL,NULL,NULL),(26,NULL,NULL,NULL,NULL),(27,NULL,NULL,NULL,NULL),(28,NULL,NULL,NULL,NULL),(40,NULL,NULL,NULL,NULL),(44,NULL,NULL,NULL,NULL),(49,NULL,NULL,NULL,NULL),(50,NULL,NULL,NULL,NULL),(52,NULL,NULL,NULL,NULL),(53,NULL,NULL,NULL,NULL),(54,NULL,NULL,NULL,NULL),(55,NULL,NULL,NULL,NULL),(56,NULL,NULL,NULL,NULL),(57,NULL,NULL,NULL,NULL),(58,NULL,NULL,NULL,NULL),(60,NULL,NULL,NULL,NULL),(62,NULL,NULL,NULL,NULL),(63,NULL,NULL,NULL,NULL),(64,NULL,NULL,NULL,NULL),(65,NULL,NULL,NULL,NULL),(66,NULL,NULL,NULL,NULL),(67,NULL,NULL,NULL,NULL),(68,NULL,NULL,NULL,NULL),(69,NULL,NULL,NULL,NULL),(70,NULL,NULL,NULL,NULL),(71,NULL,NULL,NULL,NULL);
/*!40000 ALTER TABLE `api` ENABLE KEYS */;
UNLOCK TABLES;

--
-- Table structure for table `assignee`
--

DROP TABLE IF EXISTS `assignee`;
/*!40101 SET @saved_cs_client     = @@character_set_client */;
/*!50503 SET character_set_client = utf8mb4 */;
CREATE TABLE `assignee` (
  `id` bigint NOT NULL AUTO_INCREMENT,
  `finished_at` datetime(6) DEFAULT NULL,
  `started_at` datetime(6) DEFAULT NULL,
  `state` enum('YET','NOW','DONE') DEFAULT NULL,
  `issue_id` bigint DEFAULT NULL,
  `member_id` bigint DEFAULT NULL,
  PRIMARY KEY (`id`),
  KEY `FKi0gh3rd0yehds324xt45vna73` (`issue_id`),
  KEY `FKhfo61ma0iv0q4dyayehcl0s6p` (`member_id`),
  CONSTRAINT `FKhfo61ma0iv0q4dyayehcl0s6p` FOREIGN KEY (`member_id`) REFERENCES `member` (`id`),
  CONSTRAINT `FKi0gh3rd0yehds324xt45vna73` FOREIGN KEY (`issue_id`) REFERENCES `issue` (`id`)
) ENGINE=InnoDB AUTO_INCREMENT=56 DEFAULT CHARSET=utf8mb4 COLLATE=utf8mb4_0900_ai_ci;
/*!40101 SET character_set_client = @saved_cs_client */;

--
-- Dumping data for table `assignee`
--

LOCK TABLES `assignee` WRITE;
/*!40000 ALTER TABLE `assignee` DISABLE KEYS */;
INSERT INTO `assignee` VALUES (1,'2024-05-17 13:55:32.673082','2024-05-17 13:55:30.740307','DONE',11,2),(2,'2024-05-17 15:34:01.778760','2024-05-17 15:17:27.680002','DONE',12,2),(3,'2024-05-18 19:56:46.250926','2024-05-18 19:56:46.250926','DONE',13,2),(4,NULL,'2024-05-20 00:07:04.439302','NOW',14,2),(5,'2024-05-18 19:56:47.415691','2024-05-18 19:56:47.415691','DONE',15,2),(6,'2024-05-17 15:39:31.825626','2024-05-17 15:39:31.825626','DONE',16,2),(7,'2024-05-18 19:56:43.197315','2024-05-17 15:39:30.970640','DONE',17,2),(8,'2024-05-18 19:56:42.335302','2024-05-17 15:34:02.912230','DONE',18,2),(9,'2024-05-18 18:58:48.224267','2024-05-17 14:08:36.997388','DONE',19,5),(10,NULL,NULL,'YET',32,11),(11,NULL,NULL,'YET',20,7),(12,NULL,NULL,'YET',20,9),(13,NULL,NULL,'YET',21,10),(14,NULL,NULL,'YET',21,11),(15,NULL,NULL,'YET',33,7),(16,NULL,'2024-05-17 15:34:08.558231','NOW',34,1),(17,NULL,NULL,'YET',1,1),(18,NULL,NULL,'YET',1,3),(19,'2024-05-17 17:21:53.678000','2024-05-17 17:18:09.374862','DONE',1,4),(20,NULL,NULL,'YET',2,1),(21,NULL,NULL,'YET',2,3),(22,NULL,NULL,'YET',3,1),(23,NULL,'2024-05-18 18:58:52.552528','NOW',3,5),(24,NULL,NULL,'YET',4,4),(25,NULL,NULL,'YET',4,5),(26,NULL,NULL,'YET',5,2),(27,'2024-05-17 17:53:09.739426','2024-05-17 17:53:09.739426','DONE',6,2),(28,NULL,NULL,'YET',7,1),(29,NULL,'2024-05-20 00:13:41.348079','NOW',7,2),(30,'2024-05-18 19:30:02.688851','2024-05-18 19:29:56.570536','DONE',8,3),(31,NULL,NULL,'YET',8,4),(32,NULL,NULL,'YET',8,5),(33,NULL,NULL,'YET',9,6),(34,NULL,'2024-05-18 20:34:31.523170','NOW',9,4),(35,NULL,'2024-05-18 20:34:32.746232','NOW',10,4),(36,NULL,NULL,'YET',10,6),(37,'2024-05-18 19:56:48.584744','2024-05-18 19:56:48.584744','DONE',35,2),(38,NULL,NULL,'YET',36,7),(39,NULL,NULL,'YET',37,11),(40,NULL,'2024-05-20 00:13:34.723932','NOW',38,2),(41,NULL,NULL,'YET',39,12),(42,NULL,NULL,'YET',3,3),(43,'2024-05-19 00:27:09.034017','2024-05-19 00:27:09.034017','DONE',4,3),(45,NULL,NULL,'YET',5,1),(48,NULL,NULL,'YET',45,5),(51,'2024-05-18 20:34:28.298514','2024-05-18 20:34:28.298514','DONE',51,4),(52,'2024-05-18 20:34:25.873641','2024-05-18 20:34:25.873641','DONE',59,4),(53,NULL,NULL,'YET',61,21),(55,NULL,NULL,'YET',73,2);
/*!40000 ALTER TABLE `assignee` ENABLE KEYS */;
UNLOCK TABLES;

--
-- Table structure for table `issue`
--

DROP TABLE IF EXISTS `issue`;
/*!40101 SET @saved_cs_client     = @@character_set_client */;
/*!50503 SET character_set_client = utf8mb4 */;
CREATE TABLE `issue` (
  `id` bigint NOT NULL AUTO_INCREMENT,
  `created_at` datetime(6) DEFAULT NULL,
  `description` text,
  `epic` varchar(100) DEFAULT NULL,
  `issue_name` varchar(30) DEFAULT NULL,
  `priority` enum('HIGH','MEDIUM','LOW') DEFAULT NULL,
  `type` enum('FEATURE','SCREEN','PRIVATE','INFRA') DEFAULT NULL,
  `project_id` bigint DEFAULT NULL,
  PRIMARY KEY (`id`),
  KEY `FKcombytcpeogaqi2012phvvvhy` (`project_id`),
  CONSTRAINT `FKcombytcpeogaqi2012phvvvhy` FOREIGN KEY (`project_id`) REFERENCES `project` (`id`)
) ENGINE=InnoDB AUTO_INCREMENT=75 DEFAULT CHARSET=utf8mb4 COLLATE=utf8mb4_0900_ai_ci;
/*!40101 SET character_set_client = @saved_cs_client */;

--
-- Dumping data for table `issue`
--

LOCK TABLES `issue` WRITE;
/*!40000 ALTER TABLE `issue` DISABLE KEYS */;
INSERT INTO `issue` VALUES (1,'2024-05-17 13:47:30.926633','- 토큰 처리를 통해 로그인\n1. 이메일 : 이메일 형식\n2. 비밀번호 : 1 ~ 8자','회원','로그인 기능','HIGH','FEATURE',1),(2,'2024-05-17 13:47:57.598618','- ID, PW 회원가입\n- 필요한 정보 : \n1. 이메일 : 이메일 형식 최대 64자\n2. 비밀번호: 8 ~ 20 자\n3. 이름 : 1 ~ 8 자','회원','회원가입','HIGH','FEATURE',1),(3,'2024-05-17 13:48:00.624101','- 토큰 처리를 통해 로그아웃 진행\n1. access token 전송','회원','로그아웃','LOW','FEATURE',1),(4,'2024-05-17 13:48:02.051754','- 내가 속한 프로젝트 목록 조회\n1. access token 전송','프로필','프로젝트 목록 조회','HIGH','FEATURE',1),(5,'2024-05-17 13:48:03.650906','- 내 잔디 조회\n\n1. 현재부터 1년 전까지 날짜랑 커밋 개수를 배열로 보내준다.','프로필','내 잔디 조회','MEDIUM','FEATURE',1),(6,'2024-05-17 13:48:05.407234','- 프로젝트 팀장 권한만 팀원 초대','프로젝트','팀원 초대','HIGH','FEATURE',1),(7,'2024-05-17 13:48:12.767954','- 프로젝트의 첫 커밋부터 마지막 커밋까지 기간 동안 내 커밋 수를 꺾은선 그래프로 표시\n\n1. 배열에 전체기간 커밋수 보낸다.\n2. 첫 커밋부터 마지막 커밋 날짜까지 날짜와 커밋수 보내기','프로젝트','기여도 조회','MEDIUM','FEATURE',1),(8,'2024-05-17 13:48:14.306554','- 팀원별 어제 한일 요약 조회\n- 오전 8시에 GPT API 호출\n- 요약된 정보는 Redis에 저장','프로젝트','어제 작업 내역 요약 조회','HIGH','FEATURE',1),(9,'2024-05-17 13:48:48.160359','- 팀원별 현재 진행 업무 조회\n- 프로필 사진을 클릭하면 그 사람의 프로필로 이동\n- 이슈를 클릭하면 그 사람이 현재 진행 중인 이슈 상세조회\n\n1. 프로젝트의 pk','프로젝트','팀원의 진행중인 기능 현황 조회','LOW','FEATURE',1),(10,'2024-05-17 13:48:50.928943','- 팀원별 현재 진행 업무 조회\n- 프로필 사진을 클릭하면 그 사람의 프로필로 이동\n- 이슈를 클릭하면 그 사람이 현재 진행 중인 이슈 상세조회\n\n1. 프로젝트의 pk\n2. 토큰','프로젝트','본인의 진행중인 기능 현황 조회','MEDIUM','FEATURE',1),(11,'2024-05-17 13:49:45.986686',NULL,NULL,'메인 화면',NULL,'SCREEN',1),(12,'2024-05-17 13:49:53.174735',NULL,NULL,'마이페이지',NULL,'SCREEN',1),(13,'2024-05-17 13:50:01.982752',NULL,NULL,'팀 대시보드',NULL,'SCREEN',1),(14,'2024-05-17 13:50:22.344640',NULL,NULL,'나의 대시보드',NULL,'SCREEN',1),(15,'2024-05-17 13:50:27.041228',NULL,NULL,'기능 명세서',NULL,'SCREEN',1),(16,'2024-05-17 13:50:31.002996',NULL,NULL,'API 명세서',NULL,'SCREEN',1),(17,'2024-05-17 13:50:34.730426',NULL,NULL,'화면 정의서',NULL,'SCREEN',1),(18,'2024-05-17 13:50:38.933637',NULL,NULL,'인프라 명세서',NULL,'SCREEN',1),(19,'2024-05-17 14:08:30.978410',NULL,NULL,'이슈 생성 api 버그 수정',NULL,'PRIVATE',1),(20,'2024-05-17 14:09:28.500138',NULL,'회원','로그인','LOW','FEATURE',2),(21,'2024-05-17 14:09:39.778663','하이요','회원','로그아웃','MEDIUM','FEATURE',2),(22,'2024-05-17 14:10:22.828877','회원 정보 수정 시','회원','회원 정보 수정','LOW','FEATURE',2),(23,'2024-05-17 14:10:31.357191',NULL,NULL,'ㅎㄹㅇ','MEDIUM','FEATURE',2),(24,'2024-05-17 14:10:32.066821',NULL,NULL,NULL,'MEDIUM','FEATURE',2),(25,'2024-05-17 14:10:32.991674',NULL,NULL,NULL,NULL,'FEATURE',2),(26,'2024-05-17 14:10:33.576989',NULL,NULL,NULL,NULL,'FEATURE',2),(27,'2024-05-17 14:10:34.275346',NULL,NULL,NULL,'LOW','FEATURE',2),(28,'2024-05-17 14:10:35.114949',NULL,NULL,NULL,NULL,'FEATURE',2),(29,'2024-05-17 14:11:04.463995','','','로그인 화면','LOW','SCREEN',2),(30,'2024-05-17 14:11:11.744458','','','회원가입 화면','LOW','SCREEN',2),(31,'2024-05-17 14:11:19.670794','','','마이페이지','LOW','SCREEN',2),(32,'2024-05-17 14:11:31.286858',NULL,NULL,'도커 컴포즈',NULL,'INFRA',2),(33,'2024-05-17 15:10:15.203508',NULL,NULL,'nginx 설정',NULL,'INFRA',2),(34,'2024-05-17 15:33:17.308109',NULL,NULL,'기능 명세서 목 데이터 생성',NULL,'PRIVATE',1),(35,'2024-05-17 15:46:21.558211',NULL,NULL,'EC2 환경 설정',NULL,'INFRA',1),(36,'2024-05-17 17:22:06.974338',NULL,NULL,'쿠버네티스',NULL,'INFRA',2),(37,'2024-05-17 17:25:26.234716',NULL,NULL,'카프카',NULL,'INFRA',2),(38,'2024-05-17 17:43:28.307429',NULL,NULL,'Nginx 설정',NULL,'INFRA',1),(39,'2024-05-17 17:49:38.503283',NULL,NULL,'깜자',NULL,'SCREEN',3),(40,'2024-05-18 18:48:44.253680',NULL,'이슈','인프라 명세 작성','LOW','FEATURE',1),(44,'2024-05-18 18:57:42.929102',NULL,'이슈','인프라 명세서 삭제','MEDIUM','FEATURE',1),(45,'2024-05-18 18:58:02.411043',NULL,NULL,'카프카',NULL,'INFRA',1),(49,'2024-05-18 19:26:18.623945',NULL,'이슈','인프라 명세서 수정','LOW','FEATURE',1),(50,'2024-05-18 19:45:02.904333',NULL,'이슈','인프라 명세서','MEDIUM','FEATURE',1),(51,'2024-05-18 19:45:06.296755',NULL,NULL,'Jenkinsfile',NULL,'INFRA',1),(52,'2024-05-18 19:46:21.395417',NULL,'이슈','인프라 리스트 조회','HIGH','FEATURE',1),(53,'2024-05-18 19:48:06.559919',NULL,'이슈','화면 이슈','MEDIUM','FEATURE',1),(54,'2024-05-18 19:49:20.516296','- 팀원별 현재 진행 업무 조회\n- 프로필 사진을 클릭하면 그 사람의 프로필로 이동\n- 이슈를 클릭하면 그 사람이 현재 진행 중인 이슈 상세조회\n\n1. 프로젝트의 pk\n2. 토큰','이슈','화면 이슈 수정','HIGH','FEATURE',1),(55,'2024-05-18 19:49:30.047864','프로젝트 아이디와 page, count가 필요함.','이슈','화면 리스트 무한 스크롤','HIGH','FEATURE',1),(56,'2024-05-18 19:49:42.170034','화면 이슈 아이디가 필요함.','이슈','화면 이슈 삭제','MEDIUM','FEATURE',1),(57,'2024-05-18 20:05:27.160976',NULL,'이슈','화면 이슈 리스트 조회','LOW','FEATURE',1),(58,'2024-05-18 20:06:00.817202','','이슈',NULL,'LOW','FEATURE',1),(59,'2024-05-18 20:06:17.479053',NULL,NULL,'Frontend Dockerfile',NULL,'INFRA',1),(60,'2024-05-18 20:07:10.364015',NULL,'이슈','화면 이슈에 작업 추가','MEDIUM','FEATURE',1),(61,'2024-05-18 20:07:18.142413',NULL,NULL,'도커',NULL,'INFRA',7),(62,'2024-05-18 20:14:45.599801','','','','HIGH','FEATURE',1),(63,'2024-05-18 20:17:08.833315','','프로젝트',NULL,'LOW','FEATURE',1),(64,'2024-05-18 20:18:48.042202','','이슈','이슈와 이슈 연결','MEDIUM','FEATURE',1),(65,'2024-05-18 20:19:17.559558','','이슈','이슈와 이슈 연결 해제','MEDIUM','FEATURE',1),(66,'2024-05-18 20:29:49.179755','- 팀원별 현재 진행 업무 조회\n- 프로필 사진을 클릭하면 그 사람의 프로필로 이동\n- 이슈를 클릭하면 그 사람이 현재 진행 중인 이슈 상세조회\n\n1. 토큰','회원','회원 정보 수정','LOW','FEATURE',1),(67,'2024-05-18 20:30:46.912361','프로젝트 필요함.','새 이슈 생성하기',NULL,'MEDIUM','FEATURE',1),(68,'2024-05-18 20:32:27.936546','- 팀원별 현재 진행 업무 조회\n- 프로필 사진을 클릭하면 그 사람의 프로필로 이동\n- 이슈를 클릭하면 그 사람이 현재 진행 중인 이슈 상세조회\n\n\n1. 토큰','회원','이미지 수정','LOW','FEATURE',1),(69,'2024-05-18 20:52:55.997035',NULL,'',NULL,'MEDIUM','FEATURE',1),(70,'2024-05-19 17:54:41.388642',NULL,NULL,NULL,'HIGH','FEATURE',10),(71,'2024-05-19 23:55:32.056075','- 내가 속한 프로젝트의 팀원들을 리스트로 조회\n\n1. 직무, 이름 필요','회원','회원정보 조회','MEDIUM','FEATURE',1),(73,'2024-05-20 00:05:34.376432',NULL,NULL,'테스트',NULL,'INFRA',1);
/*!40000 ALTER TABLE `issue` ENABLE KEYS */;
UNLOCK TABLES;

--
-- Table structure for table `job`
--

DROP TABLE IF EXISTS `job`;
/*!40101 SET @saved_cs_client     = @@character_set_client */;
/*!50503 SET character_set_client = utf8mb4 */;
CREATE TABLE `job` (
  `id` bigint NOT NULL AUTO_INCREMENT,
  `commit_id` varchar(100) DEFAULT NULL,
  `created_at` datetime(6) DEFAULT NULL,
  `description` text,
  `image_url` varchar(255) DEFAULT NULL,
  `name` varchar(100) NOT NULL,
  `issue_id` bigint DEFAULT NULL,
  `member_id` bigint DEFAULT NULL,
  PRIMARY KEY (`id`),
  KEY `FKr300unrt86othmc4o02kfb4d2` (`issue_id`),
  KEY `FKdt0g2w772iceic8f57vwd590s` (`member_id`),
  CONSTRAINT `FKdt0g2w772iceic8f57vwd590s` FOREIGN KEY (`member_id`) REFERENCES `member` (`id`),
  CONSTRAINT `FKr300unrt86othmc4o02kfb4d2` FOREIGN KEY (`issue_id`) REFERENCES `issue` (`id`)
) ENGINE=InnoDB AUTO_INCREMENT=58 DEFAULT CHARSET=utf8mb4 COLLATE=utf8mb4_0900_ai_ci;
/*!40101 SET character_set_client = @saved_cs_client */;

--
-- Dumping data for table `job`
--

LOCK TABLES `job` WRITE;
/*!40000 ALTER TABLE `job` DISABLE KEYS */;
INSERT INTO `job` VALUES (1,NULL,'2024-04-18 13:52:43.597000','메인 화면을 구현해봤습니다. 어떤가요?','https://share-p.s3.ap-northeast-2.amazonaws.com/2024/05/17/faa901b3-a602-49c2-851a-9be399560c0d','메인 화면 구현',11,2),(2,NULL,'2024-04-18 13:55:18.649000','먼저 마이페이지 화면을 구현 해왔습니다. 이런식의 UI, 피드백 주세요.','https://share-p.s3.ap-northeast-2.amazonaws.com/2024/05/17/3ec5c9a6-38e3-4991-8cba-0c90fc0a7039','마이페이지 화면 구현',12,2),(3,NULL,'2024-05-17 14:11:53.092074','<p>히히</p>','','도커로 배포환경 구축',32,11),(4,NULL,'2024-05-17 14:12:26.341231','<p>ㅇㅇㅇ</p>','','ㅇㅇ',32,11),(5,NULL,'2024-05-17 14:12:44.850109','<p>ㅇㅇ</p>','','ㅇㅇ',32,11),(6,NULL,'2024-05-17 14:14:07.905836','<p>ㄹㄹㄹ</p>','','ㄹㄹㄹ',32,11),(7,NULL,'2024-05-17 15:11:09.770807','<p>END_POINT=localhost:3000</p>','','프론트엔드 환경 변수',33,7),(8,NULL,'2024-05-17 15:12:33.616928','<p>END_POINT=localhost:5173</p><p><br></p>','','[Refactor] 프론트엔드 환경 변수 수정',33,7),(9,NULL,'2024-05-17 15:17:50.767821','<p>END_POINT=http://localhost:5173</p>','','[Refactor] 프론트엔드 환경 변수 수정',33,7),(10,NULL,'2024-05-17 15:22:13.258486','<p>????</p>','','[Add] 백앤드 환경 변수',33,7),(11,NULL,'2024-04-21 15:28:39.971000','팀 대시보드에 어제 적업 요약, 가장 최근 작업 중인 이슈, 간트 차트를 추가했습니다.','https://share-p.s3.ap-northeast-2.amazonaws.com/2024/05/17/61e6915d-a9e1-449e-bd17-113137c2a9c6','팀 대시보드 UI 초본',13,2),(12,NULL,'2024-04-22 15:28:39.976000','팀 대시보드에 어제 적업 요약, 가장 최근 작업 중인 이슈, 간트 차트를 추가했습니다.','https://share-p.s3.ap-northeast-2.amazonaws.com/2024/05/17/d1128581-50fd-42b8-982c-d69a1d9afc60','팀 대시보드 UI 초본',13,2),(13,NULL,'2024-04-24 15:29:29.922000','나의 대시보드에 칸반보츠 추가. 테스트 완료.','https://share-p.s3.ap-northeast-2.amazonaws.com/2024/05/17/479a653f-e84e-4aa4-b561-cf23e18b572d','나의 대시보드에 칸반보드 추가',14,2),(14,NULL,'2024-05-17 15:29:38.857089','<p>dddd</p>','','ddd',32,9),(15,NULL,'2024-05-17 15:29:52.259108','<p>DEV_END_POINT=localhost:3000</p>','','[Add] FE 환경 변수',33,7),(16,NULL,'2024-04-25 15:30:16.508000','같은 프로젝트 팀원들과 동시에 작업할 수 있는 기능은 추가하였습니다.','https://share-p.s3.ap-northeast-2.amazonaws.com/2024/05/17/f895dc59-8bb8-4b65-b5eb-a0892bdee38f','동시 작업 기능 추가',15,2),(17,NULL,'2024-05-17 15:30:35.546425','<p>test</p>','','test',32,9),(18,NULL,'2024-04-28 15:31:14.046000','기능 명세서에서 이슈를 작성하면 API 명세서의 일부 정보를 추가하는 기능을 추가하였습니다.','https://share-p.s3.ap-northeast-2.amazonaws.com/2024/05/17/6a6e4874-18c9-4ad8-9f4f-65e1dfd3447b','기능 명세서에서 추가한 기능들을 자동으로 API 명세서 만들어주는 기능 추가',16,2),(19,NULL,'2024-05-17 15:31:18.840288','<p>DEV_END_POINT=localhost:3000/api</p>','','[Add] FE DEV 환경 변수 ',33,7),(20,NULL,'2024-05-17 15:31:37.398062','<p>ssh 4096 key 생성</p><ol><li>local 컴퓨터에서 키 생성<span style=\"background-color: rgb(255, 255, 0); color: rgb(0, 71, 178);\">( ssh-keygen -t rsa -b 4086)</span></li><li>aws ec2 접속 후 authorized_keys에 1에서 만든 pub키 쓰기</li></ol><p><br></p>','','SSH KEY',32,9),(21,NULL,'2024-05-01 15:32:15.161000','디자이너가 화면을 만들면 추가할 페이지 구현','https://share-p.s3.ap-northeast-2.amazonaws.com/2024/05/17/9b91a78f-cdb8-42a3-abbc-3c1aed1f0556','디자이너가 사용할 화면 정의서 추가',17,2),(22,NULL,'2024-05-01 15:33:19.756000','인프라는 명세서에 특별한 정보가 없는 작업들을 합니다. 그래서 인프라 담당자가 작업을 기록할 수 있는 페이지를 추가하였습니다.','https://share-p.s3.ap-northeast-2.amazonaws.com/2024/05/17/5cb90b1f-6538-4ba8-9899-18b2f71ced4d','인프라 담당자의 작업을 기록할 수 있는 페이지 추가',18,2),(23,NULL,'2024-05-03 15:47:01.207000','<p>EC2 초기 설정으로 방화벽 설정으로 하였습니다.</p>','','EC2 우분투 방화벽 설정',35,2),(24,NULL,'2024-05-17 15:50:07.371935','<p>FE_END_POINT=localhost:3000</p>','','[Refactor] 프론트엔드 환경 변수 수정',33,7),(25,NULL,'2024-05-04 15:51:09.864000','메인 화면에 정보를 추가했습니다.','https://share-p.s3.ap-northeast-2.amazonaws.com/2024/05/17/d0a93c93-1002-405b-92d7-b34a6bdae204','메인 화면 UI 업데이트',11,2),(26,NULL,'2024-05-17 15:52:20.562371','ㅠㅠ','','ㅠㅠ',21,11),(27,NULL,'2024-05-04 15:53:13.486000','EC2 초기 환경설정을 하였습니다.','','우분투 방화벽 설정',35,2),(28,NULL,'2024-05-17 15:54:26.555766','<p>DEV_FE_END_POINT</p>','','[Refactor] 프론트엔드 환경 변수 수정',33,7),(29,NULL,'2024-05-09 15:58:38.801000','EC2 초기 설정을 하였습니다.','','우분투 방화벽 설정',35,2),(30,NULL,'2024-05-17 16:41:55.519502','로그아웃 기능 구현을 하였습니다.','','로그아웃 기능 구현',21,11),(31,NULL,'2024-04-19 17:04:57.047000','인증 필터를 생성했습니다.','','[Feat] 인증 필터 생성',1,4),(32,NULL,'2024-05-11 17:05:49.902000','<p>EC2 서버에 우분투 방화벽 설정을 하였습니다.</p>','','방화벽 설정',35,2),(33,NULL,'2024-05-11 17:18:22.222000','<p>Docker를 설치하고 테스트를 했습니다.</p>','','Docker 세팅',35,2),(34,NULL,'2024-05-17 17:20:03.680789','<p>계속 수정하겠습니다.</p>','','[Refactor] 프론트엔드 환경 변수 수정',33,7),(35,NULL,'2024-05-17 17:21:36.957003','<p>수정했어요</p>','','[Refactor] 프론트엔드 환경 변수 수정',33,7),(36,NULL,'2024-05-17 17:22:41.392736','<p>쿠버네티스 추가했습니다.</p>','','[Add] 쿠버네티스 추가',36,7),(37,NULL,'2024-05-17 17:25:55.611050','<p>카프카  설치 및 테스트</p>','','카프카 설치',37,11),(38,NULL,'2024-05-14 17:33:06.958000','<p>카프카 기본 설정을 하였습니다.</p>','','카프카 설정',35,2),(39,NULL,'2024-05-17 17:33:40.895000','<p>레디스 기본 설정을 하였습니다.</p>','','래디스 설치',35,2),(40,NULL,'2024-05-17 17:34:26.412328','<p>수정 하였습니다.</p>','','[Refactor] 프론트엔드 환경 변수 수정',36,7),(41,NULL,'2024-05-17 17:44:14.134374','<p>도커로 Nginx 설치하였습니다.</p>','','Nginx 초기 설정',38,2),(42,NULL,'2024-05-17 17:50:24.622804','훌쩍훌쩍합니다.','https://share-p.s3.ap-northeast-2.amazonaws.com/2024/05/17/0d1cac50-6f9c-4300-855f-aff131545710','훌쩍',39,12),(45,NULL,'2024-05-18 20:07:53.197400','<p>도커설정을 완료하였습니다.</p>','','도커 설정',61,21),(46,NULL,'2024-05-18 20:08:37.123159','<p>도커설정매뉴얼을 확인도커설정매뉴얼을 확인도커설정매뉴얼을 확인도커설정매뉴얼을 확인도커설정매뉴얼을 확인</p>','','도커 설정 매뉴얼',61,21),(47,NULL,'2024-05-18 20:09:03.367815','<p>도커설정<span style=\"background-color: rgb(255, 153, 0);\">매뉴얼을 확인도커설정매뉴얼을 확</span>인도커설정매뉴얼을 확인도커설정매뉴얼을 확인도커설정매뉴얼을 확인</p>','','도커 설정 매뉴얼 v2',61,21),(48,NULL,'2024-04-22 20:11:39.071000','<p>FROM node20.10.11</p><p><br></p>','','[Chore] Dockerfile 수정',59,4),(49,NULL,'2024-04-29 20:13:19.436000','<p>FROM node:20.11.0</p><p><br></p><p>WORKDIR /app</p><p><br></p><p>ENTRYPOINT [\"npx\", \"http-server\", \"./dist\", \"--port\", \"5173\", \"-P\", \"http://localhost:5173?\"]</p><p><br></p>','','[Chore] Dockerfile 수정',59,4),(50,NULL,'2024-04-30 20:26:09.801000','<p><span style=\"color: rgb(186, 190, 216);\">pipeline {</span></p><p><span style=\"color: rgb(186, 190, 216);\">&nbsp; agent any</span></p><p><br></p><p><span style=\"color: rgb(186, 190, 216);\">&nbsp; environment {</span></p><p><span style=\"color: rgb(186, 190, 216);\">&nbsp; &nbsp; METADATA </span><span style=\"color: rgb(137, 221, 255);\">=</span><span style=\"color: rgb(186, 190, 216);\"> </span><span style=\"color: rgb(137, 221, 255);\">\'</span><span style=\"color: rgb(195, 232, 141);\">/var/lib/jenkins/workspace/share-p</span><span style=\"color: rgb(137, 221, 255);\">\'</span></p><p><br></p><p><span style=\"color: rgb(186, 190, 216);\">&nbsp; &nbsp; SRC_ENV </span><span style=\"color: rgb(137, 221, 255);\">=</span><span style=\"color: rgb(186, 190, 216);\"> </span><span style=\"color: rgb(137, 221, 255);\">\'</span><span style=\"color: rgb(195, 232, 141);\">./fe</span><span style=\"color: rgb(137, 221, 255);\">\'</span></p><p><span style=\"color: rgb(186, 190, 216);\">&nbsp; &nbsp; SRC_RESOURCES </span><span style=\"color: rgb(137, 221, 255);\">=</span><span style=\"color: rgb(186, 190, 216);\"> </span><span style=\"color: rgb(137, 221, 255);\">\'</span><span style=\"color: rgb(195, 232, 141);\">./be/src/main/resources</span><span style=\"color: rgb(137, 221, 255);\">\'</span></p><p><span style=\"color: rgb(186, 190, 216);\">&nbsp; }</span></p><p><br></p><p><span style=\"color: rgb(186, 190, 216);\">&nbsp; tools {</span></p><p><span style=\"color: rgb(186, 190, 216);\">&nbsp; &nbsp; &nbsp; gradle </span><span style=\"color: rgb(137, 221, 255);\">\'</span><span style=\"color: rgb(195, 232, 141);\">default</span><span style=\"color: rgb(137, 221, 255);\">\'</span></p><p><span style=\"color: rgb(186, 190, 216);\">&nbsp; &nbsp; &nbsp; nodejs </span><span style=\"color: rgb(137, 221, 255);\">\'</span><span style=\"color: rgb(195, 232, 141);\">default</span><span style=\"color: rgb(137, 221, 255);\">\'</span></p><p><span style=\"color: rgb(186, 190, 216);\">&nbsp; }</span></p><p><br></p><p><br></p><p><span style=\"color: rgb(186, 190, 216);\">&nbsp; stages {</span></p><p><span style=\"color: rgb(186, 190, 216);\">&nbsp; &nbsp; stage</span><span style=\"color: rgb(137, 221, 255);\">(\'</span><span style=\"color: rgb(195, 232, 141);\">파일 복사</span><span style=\"color: rgb(137, 221, 255);\">\')</span><span style=\"color: rgb(186, 190, 216);\"> {</span></p><p><span style=\"color: rgb(186, 190, 216);\">&nbsp; &nbsp; &nbsp; when {</span></p><p><span style=\"color: rgb(186, 190, 216);\">&nbsp; &nbsp; &nbsp; &nbsp; branch </span><span style=\"color: rgb(137, 221, 255);\">\'</span><span style=\"color: rgb(195, 232, 141);\">main</span><span style=\"color: rgb(137, 221, 255);\">\'</span></p><p><span style=\"color: rgb(186, 190, 216);\">&nbsp; &nbsp; &nbsp; }</span></p><p><span style=\"color: rgb(186, 190, 216);\">&nbsp; &nbsp; &nbsp; steps {</span></p><p><span style=\"color: rgb(186, 190, 216);\">&nbsp; &nbsp; &nbsp; &nbsp; sh </span><span style=\"color: rgb(137, 221, 255);\">\"</span><span style=\"color: rgb(195, 232, 141);\">rm -f </span><span style=\"color: rgb(137, 221, 255);\">${</span><span style=\"color: rgb(186, 190, 216);\">env.SRC_RESOURCES</span><span style=\"color: rgb(137, 221, 255);\">}</span><span style=\"color: rgb(195, 232, 141);\">/application.yml &amp;&amp; mkdir </span><span style=\"color: rgb(137, 221, 255);\">${</span><span style=\"color: rgb(186, 190, 216);\">env.SRC_RESOURCES</span><span style=\"color: rgb(137, 221, 255);\">}</span><span style=\"color: rgb(195, 232, 141);\"> || true</span><span style=\"color: rgb(137, 221, 255);\">\"</span></p><p><span style=\"color: rgb(186, 190, 216);\">&nbsp; &nbsp; &nbsp; &nbsp; sh </span><span style=\"color: rgb(137, 221, 255);\">\"</span><span style=\"color: rgb(195, 232, 141);\">cp </span><span style=\"color: rgb(137, 221, 255);\">${</span><span style=\"color: rgb(186, 190, 216);\">env.METADATA</span><span style=\"color: rgb(137, 221, 255);\">}</span><span style=\"color: rgb(195, 232, 141);\">/be/application.yml </span><span style=\"color: rgb(137, 221, 255);\">${</span><span style=\"color: rgb(186, 190, 216);\">env.SRC_RESOURCES</span><span style=\"color: rgb(137, 221, 255);\">}</span><span style=\"color: rgb(195, 232, 141);\">/application.yml</span><span style=\"color: rgb(137, 221, 255);\">\"</span></p><p><br></p><p><span style=\"color: rgb(186, 190, 216);\">&nbsp; &nbsp; &nbsp; &nbsp; sh </span><span style=\"color: rgb(137, 221, 255);\">\"</span><span style=\"color: rgb(195, 232, 141);\">rm -f </span><span style=\"color: rgb(137, 221, 255);\">${</span><span style=\"color: rgb(186, 190, 216);\">env.SRC_ENV</span><span style=\"color: rgb(137, 221, 255);\">}</span><span style=\"color: rgb(195, 232, 141);\">/.env</span><span style=\"color: rgb(137, 221, 255);\">\"</span></p><p><span style=\"color: rgb(186, 190, 216);\">&nbsp; &nbsp; &nbsp; &nbsp; sh </span><span style=\"color: rgb(137, 221, 255);\">\"</span><span style=\"color: rgb(195, 232, 141);\">cp </span><span style=\"color: rgb(137, 221, 255);\">${</span><span style=\"color: rgb(186, 190, 216);\">env.METADATA</span><span style=\"color: rgb(137, 221, 255);\">}</span><span style=\"color: rgb(195, 232, 141);\">/fe/.env </span><span style=\"color: rgb(137, 221, 255);\">${</span><span style=\"color: rgb(186, 190, 216);\">env.SRC_ENV</span><span style=\"color: rgb(137, 221, 255);\">}</span><span style=\"color: rgb(195, 232, 141);\">/.env</span><span style=\"color: rgb(137, 221, 255);\">\"</span></p><p><span style=\"color: rgb(186, 190, 216);\">&nbsp; &nbsp; &nbsp; }</span></p><p><span style=\"color: rgb(186, 190, 216);\">&nbsp; &nbsp; }</span></p><p><br></p><p><span style=\"color: rgb(186, 190, 216);\">&nbsp; &nbsp; stage</span><span style=\"color: rgb(137, 221, 255);\">(\'</span><span style=\"color: rgb(195, 232, 141);\">빌드</span><span style=\"color: rgb(137, 221, 255);\">\')</span><span style=\"color: rgb(186, 190, 216);\"> {</span></p><p><span style=\"color: rgb(186, 190, 216);\">&nbsp; &nbsp; &nbsp; when {</span></p><p><span style=\"color: rgb(186, 190, 216);\">&nbsp; &nbsp; &nbsp; &nbsp; branch </span><span style=\"color: rgb(137, 221, 255);\">\'</span><span style=\"color: rgb(195, 232, 141);\">main</span><span style=\"color: rgb(137, 221, 255);\">\'</span></p><p><span style=\"color: rgb(186, 190, 216);\">&nbsp; &nbsp; &nbsp; }</span></p><p><span style=\"color: rgb(186, 190, 216);\">&nbsp; &nbsp; &nbsp; parallel {</span></p><p><span style=\"color: rgb(186, 190, 216);\">&nbsp; &nbsp; &nbsp; &nbsp; stage</span><span style=\"color: rgb(137, 221, 255);\">(\"</span><span style=\"color: rgb(195, 232, 141);\">Spring Boot App 빌드</span><span style=\"color: rgb(137, 221, 255);\">\")</span><span style=\"color: rgb(186, 190, 216);\"> {</span></p><p><span style=\"color: rgb(186, 190, 216);\">&nbsp; &nbsp; &nbsp; &nbsp; &nbsp; steps {</span></p><p><span style=\"color: rgb(186, 190, 216);\">&nbsp; &nbsp; &nbsp; &nbsp; &nbsp; &nbsp; dir</span><span style=\"color: rgb(137, 221, 255);\">(\'</span><span style=\"color: rgb(195, 232, 141);\">be</span><span style=\"color: rgb(137, 221, 255);\">\')</span><span style=\"color: rgb(186, 190, 216);\"> {</span></p><p><span style=\"color: rgb(186, 190, 216);\">&nbsp; &nbsp; &nbsp; &nbsp; &nbsp; &nbsp; &nbsp; </span><em style=\"color: rgb(103, 110, 149);\">/** clean and slow build with info **/</em></p><p><span style=\"color: rgb(186, 190, 216);\">&nbsp; &nbsp; &nbsp; &nbsp; &nbsp; &nbsp; &nbsp; </span><em style=\"color: rgb(103, 110, 149);\">// sh \"chmod +x gradlew &amp;&amp; ./gradlew clean --info build\"</em></p><p><br></p><p><span style=\"color: rgb(186, 190, 216);\">&nbsp; &nbsp; &nbsp; &nbsp; &nbsp; &nbsp; &nbsp; </span><em style=\"color: rgb(103, 110, 149);\">/** normal build **/</em></p><p><span style=\"color: rgb(186, 190, 216);\">&nbsp; &nbsp; &nbsp; &nbsp; &nbsp; &nbsp; &nbsp; </span><em style=\"color: rgb(103, 110, 149);\">// sh \"chmod +x gradlew &amp;&amp; ./gradlew build\"</em></p><p><br></p><p><span style=\"color: rgb(186, 190, 216);\">&nbsp; &nbsp; &nbsp; &nbsp; &nbsp; &nbsp; &nbsp; </span><em style=\"color: rgb(103, 110, 149);\">/** fast build **/</em></p><p><span style=\"color: rgb(186, 190, 216);\">&nbsp; &nbsp; &nbsp; &nbsp; &nbsp; &nbsp; &nbsp; sh </span><span style=\"color: rgb(137, 221, 255);\">\'</span><span style=\"color: rgb(195, 232, 141);\">chmod +x gradlew &amp;&amp; ./gradlew bootJar</span><span style=\"color: rgb(137, 221, 255);\">\'</span></p><p><span style=\"color: rgb(186, 190, 216);\">&nbsp; &nbsp; &nbsp; &nbsp; &nbsp; &nbsp; }</span></p><p><span style=\"color: rgb(186, 190, 216);\">&nbsp; &nbsp; &nbsp; &nbsp; &nbsp; }</span></p><p><span style=\"color: rgb(186, 190, 216);\">&nbsp; &nbsp; &nbsp; &nbsp; }</span></p><p><br></p><p><span style=\"color: rgb(186, 190, 216);\">&nbsp; &nbsp; &nbsp; &nbsp; stage</span><span style=\"color: rgb(137, 221, 255);\">(\'</span><span style=\"color: rgb(195, 232, 141);\">React App 빌드</span><span style=\"color: rgb(137, 221, 255);\">\')</span><span style=\"color: rgb(186, 190, 216);\"> {</span></p><p><span style=\"color: rgb(186, 190, 216);\">&nbsp; &nbsp; &nbsp; &nbsp; &nbsp; steps {</span></p><p><span style=\"color: rgb(186, 190, 216);\">&nbsp; &nbsp; &nbsp; &nbsp; &nbsp; &nbsp; dir</span><span style=\"color: rgb(137, 221, 255);\">(\'</span><span style=\"color: rgb(195, 232, 141);\">fe</span><span style=\"color: rgb(137, 221, 255);\">\')</span><span style=\"color: rgb(186, 190, 216);\"> {</span></p><p><span style=\"color: rgb(186, 190, 216);\">&nbsp; &nbsp; &nbsp; &nbsp; &nbsp; &nbsp; &nbsp; sh </span><span style=\"color: rgb(137, 221, 255);\">\'</span><span style=\"color: rgb(195, 232, 141);\">npm i &amp;&amp; npm run build</span><span style=\"color: rgb(137, 221, 255);\">\'</span></p><p><span style=\"color: rgb(186, 190, 216);\">&nbsp; &nbsp; &nbsp; &nbsp; &nbsp; &nbsp; }</span></p><p><span style=\"color: rgb(186, 190, 216);\">&nbsp; &nbsp; &nbsp; &nbsp; &nbsp; }</span></p><p><span style=\"color: rgb(186, 190, 216);\">&nbsp; &nbsp; &nbsp; &nbsp; }</span></p><p><span style=\"color: rgb(186, 190, 216);\">&nbsp; &nbsp; &nbsp; }</span></p><p><span style=\"color: rgb(186, 190, 216);\">&nbsp; &nbsp; }</span></p><p><br></p><p><span style=\"color: rgb(186, 190, 216);\">&nbsp; &nbsp; stage</span><span style=\"color: rgb(137, 221, 255);\">(\'</span><span style=\"color: rgb(195, 232, 141);\">Container 재시작</span><span style=\"color: rgb(137, 221, 255);\">\')</span><span style=\"color: rgb(186, 190, 216);\"> {</span></p><p><span style=\"color: rgb(186, 190, 216);\">&nbsp; &nbsp; &nbsp; when {</span></p><p><span style=\"color: rgb(186, 190, 216);\">&nbsp; &nbsp; &nbsp; &nbsp; branch </span><span style=\"color: rgb(137, 221, 255);\">\'</span><span style=\"color: rgb(195, 232, 141);\">main</span><span style=\"color: rgb(137, 221, 255);\">\'</span></p><p><span style=\"color: rgb(186, 190, 216);\">&nbsp; &nbsp; &nbsp; }</span></p><p><span style=\"color: rgb(186, 190, 216);\">&nbsp; &nbsp; &nbsp; steps {</span></p><p><span style=\"color: rgb(186, 190, 216);\">&nbsp; &nbsp; &nbsp; &nbsp; sh </span><span style=\"color: rgb(137, 221, 255);\">\"\"\"</span></p><p><span style=\"color: rgb(195, 232, 141);\">&nbsp; &nbsp; &nbsp; &nbsp; &nbsp; services=</span><span style=\"color: rgb(186, 190, 216);\">\\$</span><span style=\"color: rgb(195, 232, 141);\">(docker compose -f </span><span style=\"color: rgb(137, 221, 255);\">${</span><span style=\"color: rgb(186, 190, 216);\">env.METADATA</span><span style=\"color: rgb(137, 221, 255);\">}</span><span style=\"color: rgb(195, 232, 141);\">/docker-compose.yml config --services | grep -E \'^be|^fe\')</span></p><p><span style=\"color: rgb(195, 232, 141);\">&nbsp; &nbsp; &nbsp; &nbsp; &nbsp; docker compose -f </span><span style=\"color: rgb(137, 221, 255);\">${</span><span style=\"color: rgb(186, 190, 216);\">env.METADATA</span><span style=\"color: rgb(137, 221, 255);\">}</span><span style=\"color: rgb(195, 232, 141);\">/docker-compose.yml restart </span><span style=\"color: rgb(186, 190, 216);\">\\$</span><span style=\"color: rgb(195, 232, 141);\">services</span></p><p><span style=\"color: rgb(195, 232, 141);\">&nbsp; &nbsp; &nbsp; &nbsp; </span><span style=\"color: rgb(137, 221, 255);\">\"\"\"</span></p><p><span style=\"color: rgb(186, 190, 216);\">&nbsp; &nbsp; &nbsp; &nbsp; </span><em style=\"color: rgb(103, 110, 149);\">// sh \'docker compose -f ${env.METADATA}/docker-compose.yml restart fe $(docker compose -f ${env.METADATA}/docker-compose.yml config --services | grep \\\'^be\\\')\'</em></p><p><span style=\"color: rgb(186, 190, 216);\">&nbsp; &nbsp; &nbsp; &nbsp; </span><em style=\"color: rgb(103, 110, 149);\">// sh \'docker compose -f ${env.METADATA}/docker-compose.yml restart fe \\$(docker compose -f ${env.METADATA}/docker-compose.yml config --services | grep \\\'^be\\\')\'</em></p><p><br></p><p><span style=\"color: rgb(186, 190, 216);\">&nbsp; &nbsp; &nbsp; }</span></p><p><span style=\"color: rgb(186, 190, 216);\">&nbsp; &nbsp; }</span></p><p><span style=\"color: rgb(186, 190, 216);\">&nbsp; }</span></p><p><br></p><p><span style=\"color: rgb(186, 190, 216);\">&nbsp; &nbsp; post {</span></p><p><span style=\"color: rgb(186, 190, 216);\">&nbsp; &nbsp; success {</span></p><p><span style=\"color: rgb(186, 190, 216);\">&nbsp; &nbsp; &nbsp; script {</span></p><p><span style=\"color: rgb(186, 190, 216);\">&nbsp; &nbsp; &nbsp; &nbsp; </span><span style=\"color: rgb(199, 146, 234);\">def</span><span style=\"color: rgb(186, 190, 216);\"> authorName </span><span style=\"color: rgb(137, 221, 255);\">=</span><span style=\"color: rgb(186, 190, 216);\"> sh</span><span style=\"color: rgb(137, 221, 255);\">(</span><span style=\"color: rgb(255, 203, 107);\">script</span><span style=\"color: rgb(137, 221, 255);\">:</span><span style=\"color: rgb(186, 190, 216);\"> </span><span style=\"color: rgb(137, 221, 255);\">\'</span><span style=\"color: rgb(195, 232, 141);\">git show -s --pretty=%an</span><span style=\"color: rgb(137, 221, 255);\">\',</span><span style=\"color: rgb(186, 190, 216);\"> </span><span style=\"color: rgb(255, 203, 107);\">returnStdout</span><span style=\"color: rgb(137, 221, 255);\">:</span><span style=\"color: rgb(186, 190, 216);\"> </span><span style=\"color: rgb(137, 221, 255);\">true).</span><span style=\"color: rgb(186, 190, 216);\">trim</span><span style=\"color: rgb(137, 221, 255);\">()</span></p><p><span style=\"color: rgb(186, 190, 216);\">&nbsp; &nbsp; &nbsp; &nbsp; </span><span style=\"color: rgb(199, 146, 234);\">def</span><span style=\"color: rgb(186, 190, 216);\"> commiterName </span><span style=\"color: rgb(137, 221, 255);\">=</span><span style=\"color: rgb(186, 190, 216);\"> sh</span><span style=\"color: rgb(137, 221, 255);\">(</span><span style=\"color: rgb(255, 203, 107);\">script</span><span style=\"color: rgb(137, 221, 255);\">:</span><span style=\"color: rgb(186, 190, 216);\"> </span><span style=\"color: rgb(137, 221, 255);\">\'</span><span style=\"color: rgb(195, 232, 141);\">git show -s --pretty=%cn</span><span style=\"color: rgb(137, 221, 255);\">\',</span><span style=\"color: rgb(186, 190, 216);\"> </span><span style=\"color: rgb(255, 203, 107);\">returnStdout</span><span style=\"color: rgb(137, 221, 255);\">:</span><span style=\"color: rgb(186, 190, 216);\"> </span><span style=\"color: rgb(137, 221, 255);\">true).</span><span style=\"color: rgb(186, 190, 216);\">trim</span><span style=\"color: rgb(137, 221, 255);\">()</span></p><p><br></p><p><span style=\"color: rgb(186, 190, 216);\">&nbsp; &nbsp; &nbsp; &nbsp; mattermostSend</span><span style=\"color: rgb(137, 221, 255);\">(</span></p><p><span style=\"color: rgb(186, 190, 216);\">&nbsp; &nbsp; &nbsp; &nbsp; &nbsp; </span><span style=\"color: rgb(255, 203, 107);\">color</span><span style=\"color: rgb(137, 221, 255);\">:</span><span style=\"color: rgb(186, 190, 216);\"> </span><span style=\"color: rgb(137, 221, 255);\">\'</span><span style=\"color: rgb(195, 232, 141);\">good</span><span style=\"color: rgb(137, 221, 255);\">\',</span></p><p><span style=\"color: rgb(186, 190, 216);\">&nbsp; &nbsp; &nbsp; &nbsp; &nbsp; </span><span style=\"color: rgb(255, 203, 107);\">message</span><span style=\"color: rgb(137, 221, 255);\">:</span><span style=\"color: rgb(186, 190, 216);\"> </span><span style=\"color: rgb(137, 221, 255);\">\"${</span><span style=\"color: rgb(186, 190, 216);\">env.BRANCH_NAME</span><span style=\"color: rgb(137, 221, 255);\">}</span><span style=\"color: rgb(195, 232, 141);\">: </span><span style=\"color: rgb(137, 221, 255);\">${</span><span style=\"color: rgb(186, 190, 216);\">commiterName</span><span style=\"color: rgb(137, 221, 255);\">}</span><span style=\"color: rgb(195, 232, 141);\">님이 커밋하고 </span><span style=\"color: rgb(137, 221, 255);\">${</span><span style=\"color: rgb(186, 190, 216);\">authorName</span><span style=\"color: rgb(137, 221, 255);\">}</span><span style=\"color: rgb(195, 232, 141);\">님이 요청한 </span><span style=\"color: rgb(137, 221, 255);\">${</span><span style=\"color: rgb(186, 190, 216);\">env.BUILD_NUMBER</span><span style=\"color: rgb(137, 221, 255);\">}</span><span style=\"color: rgb(195, 232, 141);\">번째 Merge 나왔습니다~ (&lt;</span><span style=\"color: rgb(137, 221, 255);\">${</span><span style=\"color: rgb(186, 190, 216);\">env.BUILD_URL</span><span style=\"color: rgb(137, 221, 255);\">}</span><span style=\"color: rgb(195, 232, 141);\">|상세정보&gt;)</span><span style=\"color: rgb(137, 221, 255);\">\",</span></p><p><span style=\"color: rgb(186, 190, 216);\">&nbsp; &nbsp; &nbsp; &nbsp; &nbsp; </span><span style=\"color: rgb(255, 203, 107);\">endpoint</span><span style=\"color: rgb(137, 221, 255);\">:</span><span style=\"color: rgb(186, 190, 216);\"> </span><span style=\"color: rgb(137, 221, 255);\">\'</span><span style=\"color: rgb(195, 232, 141);\">https://meeting.ssafy.com/hooks/4j87ayp3g7db9pg3nzun1efrdw</span><span style=\"color: rgb(137, 221, 255);\">\',</span></p><p><span style=\"color: rgb(186, 190, 216);\">&nbsp; &nbsp; &nbsp; &nbsp; &nbsp; </span><span style=\"color: rgb(255, 203, 107);\">icon</span><span style=\"color: rgb(137, 221, 255);\">:</span><span style=\"color: rgb(186, 190, 216);\"> </span><span style=\"color: rgb(137, 221, 255);\">\'</span><span style=\"color: rgb(195, 232, 141);\">https://www.notion.so/image/https%3A%2F%2Fcdn.icon-icons.com%2Ficons2%2F2699%2FPNG%2F512%2Fjenkins_logo_icon_170552.png?table=block&amp;id=575d933c-a155-4d41-987e-887b341928ba&amp;spaceId=0f7cf07a-b632-46e9-b39b-7c12c129b0d0&amp;userId=fcb99ecb-2346-4edb-9302-eea7d618e9d4&amp;cache=v2</span><span style=\"color: rgb(137, 221, 255);\">\',</span></p><p><span style=\"color: rgb(186, 190, 216);\">&nbsp; &nbsp; &nbsp; &nbsp; &nbsp; </span><span style=\"color: rgb(255, 203, 107);\">channel</span><span style=\"color: rgb(137, 221, 255);\">:</span><span style=\"color: rgb(186, 190, 216);\"> </span><span style=\"color: rgb(137, 221, 255);\">\'</span><span style=\"color: rgb(195, 232, 141);\">b207-jenkins</span><span style=\"color: rgb(137, 221, 255);\">\'</span></p><p><span style=\"color: rgb(186, 190, 216);\">&nbsp; &nbsp; &nbsp; &nbsp; </span><span style=\"color: rgb(137, 221, 255);\">)</span></p><p><span style=\"color: rgb(186, 190, 216);\">&nbsp; &nbsp; &nbsp; }</span></p><p><span style=\"color: rgb(186, 190, 216);\">&nbsp; &nbsp; }</span></p><p><br></p><p><span style=\"color: rgb(186, 190, 216);\">&nbsp; &nbsp; failure {</span></p><p><span style=\"color: rgb(186, 190, 216);\">&nbsp; &nbsp; &nbsp; script {</span></p><p><span style=\"color: rgb(186, 190, 216);\">&nbsp; &nbsp; &nbsp; &nbsp; </span><span style=\"color: rgb(199, 146, 234);\">def</span><span style=\"color: rgb(186, 190, 216);\"> authorName </span><span style=\"color: rgb(137, 221, 255);\">=</span><span style=\"color: rgb(186, 190, 216);\"> sh</span><span style=\"color: rgb(137, 221, 255);\">(</span><span style=\"color: rgb(255, 203, 107);\">script</span><span style=\"color: rgb(137, 221, 255);\">:</span><span style=\"color: rgb(186, 190, 216);\"> </span><span style=\"color: rgb(137, 221, 255);\">\'</span><span style=\"color: rgb(195, 232, 141);\">git show -s --pretty=%an</span><span style=\"color: rgb(137, 221, 255);\">\',</span><span style=\"color: rgb(186, 190, 216);\"> </span><span style=\"color: rgb(255, 203, 107);\">returnStdout</span><span style=\"color: rgb(137, 221, 255);\">:</span><span style=\"color: rgb(186, 190, 216);\"> </span><span style=\"color: rgb(137, 221, 255);\">true).</span><span style=\"color: rgb(186, 190, 216);\">trim</span><span style=\"color: rgb(137, 221, 255);\">()</span></p><p><span style=\"color: rgb(186, 190, 216);\">&nbsp; &nbsp; &nbsp; &nbsp; </span><span style=\"color: rgb(199, 146, 234);\">def</span><span style=\"color: rgb(186, 190, 216);\"> commiterName </span><span style=\"color: rgb(137, 221, 255);\">=</span><span style=\"color: rgb(186, 190, 216);\"> sh</span><span style=\"color: rgb(137, 221, 255);\">(</span><span style=\"color: rgb(255, 203, 107);\">script</span><span style=\"color: rgb(137, 221, 255);\">:</span><span style=\"color: rgb(186, 190, 216);\"> </span><span style=\"color: rgb(137, 221, 255);\">\'</span><span style=\"color: rgb(195, 232, 141);\">git show -s --pretty=%cn</span><span style=\"color: rgb(137, 221, 255);\">\',</span><span style=\"color: rgb(186, 190, 216);\"> </span><span style=\"color: rgb(255, 203, 107);\">returnStdout</span><span style=\"color: rgb(137, 221, 255);\">:</span><span style=\"color: rgb(186, 190, 216);\"> </span><span style=\"color: rgb(137, 221, 255);\">true).</span><span style=\"color: rgb(186, 190, 216);\">trim</span><span style=\"color: rgb(137, 221, 255);\">()</span></p><p><br></p><p><span style=\"color: rgb(186, 190, 216);\">&nbsp; &nbsp; &nbsp; &nbsp; mattermostSend</span><span style=\"color: rgb(137, 221, 255);\">(</span></p><p><span style=\"color: rgb(186, 190, 216);\">&nbsp; &nbsp; &nbsp; &nbsp; &nbsp; </span><span style=\"color: rgb(255, 203, 107);\">color</span><span style=\"color: rgb(137, 221, 255);\">:</span><span style=\"color: rgb(186, 190, 216);\"> </span><span style=\"color: rgb(137, 221, 255);\">\'</span><span style=\"color: rgb(195, 232, 141);\">danger</span><span style=\"color: rgb(137, 221, 255);\">\',</span></p><p><span style=\"color: rgb(186, 190, 216);\">&nbsp; &nbsp; &nbsp; &nbsp; &nbsp; </span><span style=\"color: rgb(255, 203, 107);\">message</span><span style=\"color: rgb(137, 221, 255);\">:</span><span style=\"color: rgb(186, 190, 216);\"> </span><span style=\"color: rgb(137, 221, 255);\">\"${</span><span style=\"color: rgb(186, 190, 216);\">env.BRANCH_NAME</span><span style=\"color: rgb(137, 221, 255);\">}</span><span style=\"color: rgb(195, 232, 141);\">: </span><span style=\"color: rgb(137, 221, 255);\">${</span><span style=\"color: rgb(186, 190, 216);\">commiterName</span><span style=\"color: rgb(137, 221, 255);\">}</span><span style=\"color: rgb(195, 232, 141);\">님이 커밋하고 </span><span style=\"color: rgb(137, 221, 255);\">${</span><span style=\"color: rgb(186, 190, 216);\">authorName</span><span style=\"color: rgb(137, 221, 255);\">}</span><span style=\"color: rgb(195, 232, 141);\">님이 요청한 </span><span style=\"color: rgb(137, 221, 255);\">${</span><span style=\"color: rgb(186, 190, 216);\">env.BUILD_NUMBER</span><span style=\"color: rgb(137, 221, 255);\">}</span><span style=\"color: rgb(195, 232, 141);\">번째 Merge 아직 안 나왔습니다. (&lt;</span><span style=\"color: rgb(137, 221, 255);\">${</span><span style=\"color: rgb(186, 190, 216);\">env.BUILD_URL</span><span style=\"color: rgb(137, 221, 255);\">}</span><span style=\"color: rgb(195, 232, 141);\">|상세정보&gt;)</span><span style=\"color: rgb(137, 221, 255);\">\",</span></p><p><span style=\"color: rgb(186, 190, 216);\">&nbsp; &nbsp; &nbsp; &nbsp; &nbsp; </span><span style=\"color: rgb(255, 203, 107);\">endpoint</span><span style=\"color: rgb(137, 221, 255);\">:</span><span style=\"color: rgb(186, 190, 216);\"> </span><span style=\"color: rgb(137, 221, 255);\">\'</span><span style=\"color: rgb(195, 232, 141);\">https://meeting.ssafy.com/hooks/4j87ayp3g7db9pg3nzun1efrdw</span><span style=\"color: rgb(137, 221, 255);\">\',</span></p><p><span style=\"color: rgb(186, 190, 216);\">&nbsp; &nbsp; &nbsp; &nbsp; &nbsp; </span><span style=\"color: rgb(255, 203, 107);\">icon</span><span style=\"color: rgb(137, 221, 255);\">:</span><span style=\"color: rgb(186, 190, 216);\"> </span><span style=\"color: rgb(137, 221, 255);\">\'</span><span style=\"color: rgb(195, 232, 141);\">https://www.notion.so/image/https%3A%2F%2Fcdn.icon-icons.com%2Ficons2%2F2699%2FPNG%2F512%2Fjenkins_logo_icon_170552.png?table=block&amp;id=575d933c-a155-4d41-987e-887b341928ba&amp;spaceId=0f7cf07a-b632-46e9-b39b-7c12c129b0d0&amp;userId=fcb99ecb-2346-4edb-9302-eea7d618e9d4&amp;cache=v2</span><span style=\"color: rgb(137, 221, 255);\">\',</span></p><p><span style=\"color: rgb(186, 190, 216);\">&nbsp; &nbsp; &nbsp; &nbsp; &nbsp; </span><span style=\"color: rgb(255, 203, 107);\">channel</span><span style=\"color: rgb(137, 221, 255);\">:</span><span style=\"color: rgb(186, 190, 216);\"> </span><span style=\"color: rgb(137, 221, 255);\">\'</span><span style=\"color: rgb(195, 232, 141);\">b207-jenkins</span><span style=\"color: rgb(137, 221, 255);\">\'</span></p><p><span style=\"color: rgb(186, 190, 216);\">&nbsp; &nbsp; &nbsp; &nbsp; </span><span style=\"color: rgb(137, 221, 255);\">)</span></p><p><span style=\"color: rgb(186, 190, 216);\">&nbsp; &nbsp; &nbsp; }</span></p><p><span style=\"color: rgb(186, 190, 216);\">&nbsp; &nbsp; }</span></p><p><span style=\"color: rgb(186, 190, 216);\">&nbsp; }</span></p><p><span style=\"color: rgb(186, 190, 216);\">}</span></p><p><br></p>','','[Chore] Jenkinsfile 수정',51,4),(51,NULL,'2024-05-01 20:27:11.609000','<p><span style=\"color: rgb(186, 190, 216);\">pipeline {</span></p><p><span style=\"color: rgb(186, 190, 216);\">&nbsp; agent any</span></p><p><br></p><p><span style=\"color: rgb(186, 190, 216);\">&nbsp; environment {</span></p><p><span style=\"color: rgb(186, 190, 216);\">&nbsp; &nbsp; METADATA </span><span style=\"color: rgb(137, 221, 255);\">=</span><span style=\"color: rgb(186, 190, 216);\"> </span><span style=\"color: rgb(137, 221, 255);\">\'</span><span style=\"color: rgb(195, 232, 141);\">/var/lib/jenkins/workspace/share-p</span><span style=\"color: rgb(137, 221, 255);\">\'</span></p><p><br></p><p><span style=\"color: rgb(186, 190, 216);\">&nbsp; &nbsp; SRC_ENV </span><span style=\"color: rgb(137, 221, 255);\">=</span><span style=\"color: rgb(186, 190, 216);\"> </span><span style=\"color: rgb(137, 221, 255);\">\'</span><span style=\"color: rgb(195, 232, 141);\">./fe</span><span style=\"color: rgb(137, 221, 255);\">\'</span></p><p><span style=\"color: rgb(186, 190, 216);\">&nbsp; &nbsp; SRC_RESOURCES </span><span style=\"color: rgb(137, 221, 255);\">=</span><span style=\"color: rgb(186, 190, 216);\"> </span><span style=\"color: rgb(137, 221, 255);\">\'</span><span style=\"color: rgb(195, 232, 141);\">./be/src/main/resources</span><span style=\"color: rgb(137, 221, 255);\">\'</span></p><p><span style=\"color: rgb(186, 190, 216);\">&nbsp; }</span></p><p><br></p><p><span style=\"color: rgb(186, 190, 216);\">&nbsp; tools {</span></p><p><span style=\"color: rgb(186, 190, 216);\">&nbsp; &nbsp; &nbsp; gradle </span><span style=\"color: rgb(137, 221, 255);\">\'</span><span style=\"color: rgb(195, 232, 141);\">default</span><span style=\"color: rgb(137, 221, 255);\">\'</span></p><p><span style=\"color: rgb(186, 190, 216);\">&nbsp; &nbsp; &nbsp; nodejs </span><span style=\"color: rgb(137, 221, 255);\">\'</span><span style=\"color: rgb(195, 232, 141);\">default</span><span style=\"color: rgb(137, 221, 255);\">\'</span></p><p><span style=\"color: rgb(186, 190, 216);\">&nbsp; }</span></p><p><br></p><p><br></p><p><span style=\"color: rgb(186, 190, 216);\">&nbsp; stages {</span></p><p><span style=\"color: rgb(186, 190, 216);\">&nbsp; &nbsp; stage</span><span style=\"color: rgb(137, 221, 255);\">(\'</span><span style=\"color: rgb(195, 232, 141);\">파일 복사</span><span style=\"color: rgb(137, 221, 255);\">\')</span><span style=\"color: rgb(186, 190, 216);\"> {</span></p><p><span style=\"color: rgb(186, 190, 216);\">&nbsp; &nbsp; &nbsp; when {</span></p><p><span style=\"color: rgb(186, 190, 216);\">&nbsp; &nbsp; &nbsp; &nbsp; branch </span><span style=\"color: rgb(137, 221, 255);\">\'</span><span style=\"color: rgb(195, 232, 141);\">main</span><span style=\"color: rgb(137, 221, 255);\">\'</span></p><p><span style=\"color: rgb(186, 190, 216);\">&nbsp; &nbsp; &nbsp; }</span></p><p><span style=\"color: rgb(186, 190, 216);\">&nbsp; &nbsp; &nbsp; steps {</span></p><p><span style=\"color: rgb(186, 190, 216);\">&nbsp; &nbsp; &nbsp; &nbsp; sh </span><span style=\"color: rgb(137, 221, 255);\">\"</span><span style=\"color: rgb(195, 232, 141);\">rm -f </span><span style=\"color: rgb(137, 221, 255);\">${</span><span style=\"color: rgb(186, 190, 216);\">env.SRC_RESOURCES</span><span style=\"color: rgb(137, 221, 255);\">}</span><span style=\"color: rgb(195, 232, 141);\">/application.yml &amp;&amp; mkdir </span><span style=\"color: rgb(137, 221, 255);\">${</span><span style=\"color: rgb(186, 190, 216);\">env.SRC_RESOURCES</span><span style=\"color: rgb(137, 221, 255);\">}</span><span style=\"color: rgb(195, 232, 141);\"> || true</span><span style=\"color: rgb(137, 221, 255);\">\"</span></p><p><span style=\"color: rgb(186, 190, 216);\">&nbsp; &nbsp; &nbsp; &nbsp; sh </span><span style=\"color: rgb(137, 221, 255);\">\"</span><span style=\"color: rgb(195, 232, 141);\">cp </span><span style=\"color: rgb(137, 221, 255);\">${</span><span style=\"color: rgb(186, 190, 216);\">env.METADATA</span><span style=\"color: rgb(137, 221, 255);\">}</span><span style=\"color: rgb(195, 232, 141);\">/be/application.yml </span><span style=\"color: rgb(137, 221, 255);\">${</span><span style=\"color: rgb(186, 190, 216);\">env.SRC_RESOURCES</span><span style=\"color: rgb(137, 221, 255);\">}</span><span style=\"color: rgb(195, 232, 141);\">/application.yml</span><span style=\"color: rgb(137, 221, 255);\">\"</span></p><p><br></p><p><span style=\"color: rgb(186, 190, 216);\">&nbsp; &nbsp; &nbsp; &nbsp; sh </span><span style=\"color: rgb(137, 221, 255);\">\"</span><span style=\"color: rgb(195, 232, 141);\">rm -f </span><span style=\"color: rgb(137, 221, 255);\">${</span><span style=\"color: rgb(186, 190, 216);\">env.SRC_ENV</span><span style=\"color: rgb(137, 221, 255);\">}</span><span style=\"color: rgb(195, 232, 141);\">/.env</span><span style=\"color: rgb(137, 221, 255);\">\"</span></p><p><span style=\"color: rgb(186, 190, 216);\">&nbsp; &nbsp; &nbsp; &nbsp; sh </span><span style=\"color: rgb(137, 221, 255);\">\"</span><span style=\"color: rgb(195, 232, 141);\">cp </span><span style=\"color: rgb(137, 221, 255);\">${</span><span style=\"color: rgb(186, 190, 216);\">env.METADATA</span><span style=\"color: rgb(137, 221, 255);\">}</span><span style=\"color: rgb(195, 232, 141);\">/fe/.env </span><span style=\"color: rgb(137, 221, 255);\">${</span><span style=\"color: rgb(186, 190, 216);\">env.SRC_ENV</span><span style=\"color: rgb(137, 221, 255);\">}</span><span style=\"color: rgb(195, 232, 141);\">/.env</span><span style=\"color: rgb(137, 221, 255);\">\"</span></p><p><span style=\"color: rgb(186, 190, 216);\">&nbsp; &nbsp; &nbsp; }</span></p><p><span style=\"color: rgb(186, 190, 216);\">&nbsp; &nbsp; }</span></p><p><br></p><p><span style=\"color: rgb(186, 190, 216);\">&nbsp; &nbsp; stage</span><span style=\"color: rgb(137, 221, 255);\">(\'</span><span style=\"color: rgb(195, 232, 141);\">빌드</span><span style=\"color: rgb(137, 221, 255);\">\')</span><span style=\"color: rgb(186, 190, 216);\"> {</span></p><p><span style=\"color: rgb(186, 190, 216);\">&nbsp; &nbsp; &nbsp; when {</span></p><p><span style=\"color: rgb(186, 190, 216);\">&nbsp; &nbsp; &nbsp; &nbsp; branch </span><span style=\"color: rgb(137, 221, 255);\">\'</span><span style=\"color: rgb(195, 232, 141);\">main</span><span style=\"color: rgb(137, 221, 255);\">\'</span></p><p><span style=\"color: rgb(186, 190, 216);\">&nbsp; &nbsp; &nbsp; }</span></p><p><span style=\"color: rgb(186, 190, 216);\">&nbsp; &nbsp; &nbsp; parallel {</span></p><p><span style=\"color: rgb(186, 190, 216);\">&nbsp; &nbsp; &nbsp; &nbsp; stage</span><span style=\"color: rgb(137, 221, 255);\">(\"</span><span style=\"color: rgb(195, 232, 141);\">Spring Boot App 빌드</span><span style=\"color: rgb(137, 221, 255);\">\")</span><span style=\"color: rgb(186, 190, 216);\"> {</span></p><p><span style=\"color: rgb(186, 190, 216);\">&nbsp; &nbsp; &nbsp; &nbsp; &nbsp; steps {</span></p><p><span style=\"color: rgb(186, 190, 216);\">&nbsp; &nbsp; &nbsp; &nbsp; &nbsp; &nbsp; dir</span><span style=\"color: rgb(137, 221, 255);\">(\'</span><span style=\"color: rgb(195, 232, 141);\">be</span><span style=\"color: rgb(137, 221, 255);\">\')</span><span style=\"color: rgb(186, 190, 216);\"> {</span></p><p><span style=\"color: rgb(186, 190, 216);\">&nbsp; &nbsp; &nbsp; &nbsp; &nbsp; &nbsp; &nbsp; </span><em style=\"color: rgb(103, 110, 149);\">/** clean and slow build with info **/</em></p><p><span style=\"color: rgb(186, 190, 216);\">&nbsp; &nbsp; &nbsp; &nbsp; &nbsp; &nbsp; &nbsp; </span><em style=\"color: rgb(103, 110, 149);\">// sh \"chmod +x gradlew &amp;&amp; ./gradlew clean --info build\"</em></p><p><br></p><p><span style=\"color: rgb(186, 190, 216);\">&nbsp; &nbsp; &nbsp; &nbsp; &nbsp; &nbsp; &nbsp; </span><em style=\"color: rgb(103, 110, 149);\">/** normal build **/</em></p><p><span style=\"color: rgb(186, 190, 216);\">&nbsp; &nbsp; &nbsp; &nbsp; &nbsp; &nbsp; &nbsp; </span><em style=\"color: rgb(103, 110, 149);\">// sh \"chmod +x gradlew &amp;&amp; ./gradlew build\"</em></p><p><br></p><p><span style=\"color: rgb(186, 190, 216);\">&nbsp; &nbsp; &nbsp; &nbsp; &nbsp; &nbsp; &nbsp; </span><em style=\"color: rgb(103, 110, 149);\">/** fast build **/</em></p><p><span style=\"color: rgb(186, 190, 216);\">&nbsp; &nbsp; &nbsp; &nbsp; &nbsp; &nbsp; &nbsp; sh </span><span style=\"color: rgb(137, 221, 255);\">\'</span><span style=\"color: rgb(195, 232, 141);\">chmod +x gradlew &amp;&amp; ./gradlew bootJar</span><span style=\"color: rgb(137, 221, 255);\">\'</span></p><p><span style=\"color: rgb(186, 190, 216);\">&nbsp; &nbsp; &nbsp; &nbsp; &nbsp; &nbsp; }</span></p><p><span style=\"color: rgb(186, 190, 216);\">&nbsp; &nbsp; &nbsp; &nbsp; &nbsp; }</span></p><p><span style=\"color: rgb(186, 190, 216);\">&nbsp; &nbsp; &nbsp; &nbsp; }</span></p><p><br></p><p><span style=\"color: rgb(186, 190, 216);\">&nbsp; &nbsp; &nbsp; &nbsp; stage</span><span style=\"color: rgb(137, 221, 255);\">(\'</span><span style=\"color: rgb(195, 232, 141);\">React App 빌드</span><span style=\"color: rgb(137, 221, 255);\">\')</span><span style=\"color: rgb(186, 190, 216);\"> {</span></p><p><span style=\"color: rgb(186, 190, 216);\">&nbsp; &nbsp; &nbsp; &nbsp; &nbsp; steps {</span></p><p><span style=\"color: rgb(186, 190, 216);\">&nbsp; &nbsp; &nbsp; &nbsp; &nbsp; &nbsp; dir</span><span style=\"color: rgb(137, 221, 255);\">(\'</span><span style=\"color: rgb(195, 232, 141);\">fe</span><span style=\"color: rgb(137, 221, 255);\">\')</span><span style=\"color: rgb(186, 190, 216);\"> {</span></p><p><span style=\"color: rgb(186, 190, 216);\">&nbsp; &nbsp; &nbsp; &nbsp; &nbsp; &nbsp; &nbsp; sh </span><span style=\"color: rgb(137, 221, 255);\">\'</span><span style=\"color: rgb(195, 232, 141);\">npm i &amp;&amp; npm run build</span><span style=\"color: rgb(137, 221, 255);\">\'</span></p><p><span style=\"color: rgb(186, 190, 216);\">&nbsp; &nbsp; &nbsp; &nbsp; &nbsp; &nbsp; }</span></p><p><span style=\"color: rgb(186, 190, 216);\">&nbsp; &nbsp; &nbsp; &nbsp; &nbsp; }</span></p><p><span style=\"color: rgb(186, 190, 216);\">&nbsp; &nbsp; &nbsp; &nbsp; }</span></p><p><span style=\"color: rgb(186, 190, 216);\">&nbsp; &nbsp; &nbsp; }</span></p><p><span style=\"color: rgb(186, 190, 216);\">&nbsp; &nbsp; }</span></p><p><br></p><p><span style=\"color: rgb(186, 190, 216);\">&nbsp; &nbsp; stage</span><span style=\"color: rgb(137, 221, 255);\">(\'</span><span style=\"color: rgb(195, 232, 141);\">Container 재시작</span><span style=\"color: rgb(137, 221, 255);\">\')</span><span style=\"color: rgb(186, 190, 216);\"> {</span></p><p><span style=\"color: rgb(186, 190, 216);\">&nbsp; &nbsp; &nbsp; when {</span></p><p><span style=\"color: rgb(186, 190, 216);\">&nbsp; &nbsp; &nbsp; &nbsp; branch </span><span style=\"color: rgb(137, 221, 255);\">\'</span><span style=\"color: rgb(195, 232, 141);\">main</span><span style=\"color: rgb(137, 221, 255);\">\'</span></p><p><span style=\"color: rgb(186, 190, 216);\">&nbsp; &nbsp; &nbsp; }</span></p><p><span style=\"color: rgb(186, 190, 216);\">&nbsp; &nbsp; &nbsp; steps {</span></p><p><span style=\"color: rgb(186, 190, 216);\">&nbsp; &nbsp; &nbsp; &nbsp; sh </span><span style=\"color: rgb(137, 221, 255);\">\"\"\"</span></p><p><span style=\"color: rgb(195, 232, 141);\">&nbsp; &nbsp; &nbsp; &nbsp; &nbsp; services=</span><span style=\"color: rgb(186, 190, 216);\">\\$</span><span style=\"color: rgb(195, 232, 141);\">(docker compose -f </span><span style=\"color: rgb(137, 221, 255);\">${</span><span style=\"color: rgb(186, 190, 216);\">env.METADATA</span><span style=\"color: rgb(137, 221, 255);\">}</span><span style=\"color: rgb(195, 232, 141);\">/docker-compose.yml config --services | grep -E \'^be|^fe\')</span></p><p><span style=\"color: rgb(195, 232, 141);\">&nbsp; &nbsp; &nbsp; &nbsp; &nbsp; docker compose -f </span><span style=\"color: rgb(137, 221, 255);\">${</span><span style=\"color: rgb(186, 190, 216);\">env.METADATA</span><span style=\"color: rgb(137, 221, 255);\">}</span><span style=\"color: rgb(195, 232, 141);\">/docker-compose.yml restart </span><span style=\"color: rgb(186, 190, 216);\">\\$</span><span style=\"color: rgb(195, 232, 141);\">services</span></p><p><span style=\"color: rgb(195, 232, 141);\">&nbsp; &nbsp; &nbsp; &nbsp; </span><span style=\"color: rgb(137, 221, 255);\">\"\"\"</span></p><p><span style=\"color: rgb(186, 190, 216);\">&nbsp; &nbsp; &nbsp; }</span></p><p><span style=\"color: rgb(186, 190, 216);\">&nbsp; &nbsp; }</span></p><p><span style=\"color: rgb(186, 190, 216);\">&nbsp; }</span></p><p><span style=\"color: rgb(186, 190, 216);\">}</span></p><p><br></p>','','[Chore] Jenkinsfile 수정',51,4),(52,NULL,'2024-05-07 20:28:15.149000','<p><br></p><p><span style=\"color: rgb(255, 203, 107);\">upstream</span><span style=\"color: rgb(186, 190, 216);\"> </span><span style=\"color: rgb(195, 232, 141);\">jenkins</span><span style=\"color: rgb(186, 190, 216);\"> </span><span style=\"color: rgb(195, 232, 141);\">{</span></p><p><span style=\"color: rgb(186, 190, 216);\">&nbsp; </span><span style=\"color: rgb(255, 203, 107);\">keepalive</span><span style=\"color: rgb(186, 190, 216);\"> </span><span style=\"color: rgb(247, 140, 108);\">32</span><span style=\"color: rgb(137, 221, 255);\">;</span><span style=\"color: rgb(186, 190, 216);\"> </span><em style=\"color: rgb(103, 110, 149);\"># keepalive connections</em></p><p><span style=\"color: rgb(186, 190, 216);\">&nbsp; </span><span style=\"color: rgb(255, 203, 107);\">server</span><span style=\"color: rgb(186, 190, 216);\"> </span><span style=\"color: rgb(195, 232, 141);\">127.0.0.1:9091</span><span style=\"color: rgb(137, 221, 255);\">;</span><span style=\"color: rgb(186, 190, 216);\"> </span><em style=\"color: rgb(103, 110, 149);\"># jenkins ip and port</em></p><p><span style=\"color: rgb(186, 190, 216);\">}</span></p><p><br></p><p><span style=\"color: rgb(255, 203, 107);\">upstream</span><span style=\"color: rgb(186, 190, 216);\"> </span><span style=\"color: rgb(195, 232, 141);\">be</span><span style=\"color: rgb(186, 190, 216);\"> </span><span style=\"color: rgb(195, 232, 141);\">{</span></p><p><span style=\"color: rgb(186, 190, 216);\">&nbsp; &nbsp; &nbsp; &nbsp; </span><span style=\"color: rgb(255, 203, 107);\">server</span><span style=\"color: rgb(186, 190, 216);\"> </span><span style=\"color: rgb(195, 232, 141);\">127.0.0.1:8080</span><span style=\"color: rgb(137, 221, 255);\">;</span></p><p><span style=\"color: rgb(186, 190, 216);\">&nbsp; &nbsp; &nbsp; &nbsp; </span><em style=\"color: rgb(103, 110, 149);\"># server 127.0.0.1:8081;</em></p><p><span style=\"color: rgb(186, 190, 216);\">&nbsp; &nbsp; &nbsp; &nbsp; </span><em style=\"color: rgb(103, 110, 149);\"># server 127.0.0.1:8082;</em></p><p><span style=\"color: rgb(186, 190, 216);\">&nbsp; &nbsp; &nbsp; &nbsp; </span><em style=\"color: rgb(103, 110, 149);\"># server 127.0.0.1:8083;</em></p><p><span style=\"color: rgb(186, 190, 216);\">&nbsp; &nbsp; &nbsp; &nbsp; </span><em style=\"color: rgb(103, 110, 149);\"># server 127.0.0.1:8084;</em></p><p><span style=\"color: rgb(186, 190, 216);\">}</span></p><p><br></p><p><span style=\"color: rgb(255, 203, 107);\">upstream</span><span style=\"color: rgb(186, 190, 216);\"> </span><span style=\"color: rgb(195, 232, 141);\">fe</span><span style=\"color: rgb(186, 190, 216);\"> </span><span style=\"color: rgb(195, 232, 141);\">{</span></p><p><span style=\"color: rgb(186, 190, 216);\">&nbsp; &nbsp; &nbsp; &nbsp; </span><span style=\"color: rgb(255, 203, 107);\">server</span><span style=\"color: rgb(186, 190, 216);\"> </span><span style=\"color: rgb(195, 232, 141);\">127.0.0.1:5173</span><span style=\"color: rgb(137, 221, 255);\">;</span></p><p><span style=\"color: rgb(186, 190, 216);\">}</span></p><p><br></p><p><em style=\"color: rgb(103, 110, 149);\"># Required for Jenkins websocket agents</em></p><p><span style=\"color: rgb(255, 203, 107);\">map</span><span style=\"color: rgb(186, 190, 216);\"> $http_upgrade $connection_upgrade </span><span style=\"color: rgb(195, 232, 141);\">{</span></p><p><span style=\"color: rgb(186, 190, 216);\">&nbsp; </span><span style=\"color: rgb(255, 203, 107);\">default</span><span style=\"color: rgb(186, 190, 216);\"> </span><span style=\"color: rgb(195, 232, 141);\">upgrade</span><span style=\"color: rgb(137, 221, 255);\">;</span></p><p><span style=\"color: rgb(186, 190, 216);\">&nbsp; </span><span style=\"color: rgb(255, 203, 107);\">\'\'</span><span style=\"color: rgb(186, 190, 216);\"> </span><span style=\"color: rgb(195, 232, 141);\">close</span><span style=\"color: rgb(137, 221, 255);\">;</span></p><p><span style=\"color: rgb(186, 190, 216);\">}</span></p><p><br></p><p><span style=\"color: rgb(255, 203, 107);\">map</span><span style=\"color: rgb(186, 190, 216);\"> $host $redirect </span><span style=\"color: rgb(195, 232, 141);\">{</span></p><p><span style=\"color: rgb(186, 190, 216);\">&nbsp; &nbsp; </span><span style=\"color: rgb(255, 203, 107);\">\"share-p.com\"</span><span style=\"color: rgb(186, 190, 216);\"> </span><span style=\"color: rgb(195, 232, 141);\">https://share-p.com</span><span style=\"color: rgb(186, 190, 216);\">$request_uri</span><span style=\"color: rgb(137, 221, 255);\">;</span></p><p><span style=\"color: rgb(186, 190, 216);\">&nbsp; &nbsp; </span><span style=\"color: rgb(255, 203, 107);\">\"k10b207.p.ssafy.io\"</span><span style=\"color: rgb(186, 190, 216);\"> </span><span style=\"color: rgb(195, 232, 141);\">https://share-p.com</span><span style=\"color: rgb(186, 190, 216);\">$request_uri</span><span style=\"color: rgb(137, 221, 255);\">;</span></p><p><span style=\"color: rgb(186, 190, 216);\">&nbsp; &nbsp; </span><span style=\"color: rgb(255, 203, 107);\">\"3.38.180.168\"</span><span style=\"color: rgb(186, 190, 216);\"> </span><span style=\"color: rgb(195, 232, 141);\">https://share-p.com</span><span style=\"color: rgb(186, 190, 216);\">$request_uri</span><span style=\"color: rgb(137, 221, 255);\">;</span></p><p><span style=\"color: rgb(186, 190, 216);\">}</span></p><p> </p>','','Nginx Config 수정',38,4),(53,NULL,'2024-05-07 20:28:49.612000','<p><em style=\"color: rgb(137, 221, 255);\">FROM</em><span style=\"color: rgb(186, 190, 216);\"> </span><span style=\"color: rgb(255, 203, 107);\">node</span><span style=\"color: rgb(186, 190, 216);\">:20.11.0</span></p><p><br></p><p><em style=\"color: rgb(137, 221, 255);\">WORKDIR</em><span style=\"color: rgb(186, 190, 216);\"> </span><em style=\"color: rgb(186, 190, 216);\">/app</em></p><p><br></p><p><em style=\"color: rgb(137, 221, 255);\">ENTRYPOINT</em><span style=\"color: rgb(186, 190, 216);\"> </span><em style=\"color: rgb(186, 190, 216);\">[</em><span style=\"color: rgb(195, 232, 141);\">\"npx\"</span><em style=\"color: rgb(186, 190, 216);\">,</em><span style=\"color: rgb(186, 190, 216);\"> </span><span style=\"color: rgb(195, 232, 141);\">\"http-server\"</span><em style=\"color: rgb(186, 190, 216);\">,</em><span style=\"color: rgb(186, 190, 216);\"> </span><span style=\"color: rgb(195, 232, 141);\">\"./dist\"</span><em style=\"color: rgb(186, 190, 216);\">,</em><span style=\"color: rgb(186, 190, 216);\"> </span><span style=\"color: rgb(195, 232, 141);\">\"--port\"</span><em style=\"color: rgb(186, 190, 216);\">,</em><span style=\"color: rgb(186, 190, 216);\"> </span><span style=\"color: rgb(195, 232, 141);\">\"5173\"</span><em style=\"color: rgb(186, 190, 216);\">,</em><span style=\"color: rgb(186, 190, 216);\"> </span><span style=\"color: rgb(195, 232, 141);\">\"-P\"</span><em style=\"color: rgb(186, 190, 216);\">,</em><span style=\"color: rgb(186, 190, 216);\"> </span><span style=\"color: rgb(195, 232, 141);\">\"http://localhost:5173?\"</span><em style=\"color: rgb(186, 190, 216);\">]</em></p><p><br></p>','','[Chore] Frontend Dockerfile 수정',59,4),(54,NULL,'2024-05-11 20:29:40.747000','<p><em style=\"color: rgb(137, 221, 255);\">FROM</em><span style=\"color: rgb(186, 190, 216);\"> </span><span style=\"color: rgb(255, 203, 107);\">node</span><span style=\"color: rgb(186, 190, 216);\">:20.11.0</span></p><p><br></p><p><em style=\"color: rgb(137, 221, 255);\">WORKDIR</em><span style=\"color: rgb(186, 190, 216);\"> </span><em style=\"color: rgb(186, 190, 216);\">/app</em></p><p><br></p><p><em style=\"color: rgb(137, 221, 255);\">ENTRYPOINT</em><span style=\"color: rgb(186, 190, 216);\"> </span><em style=\"color: rgb(186, 190, 216);\">[</em><span style=\"color: rgb(195, 232, 141);\">\"npx\"</span><em style=\"color: rgb(186, 190, 216);\">,</em><span style=\"color: rgb(186, 190, 216);\"> </span><span style=\"color: rgb(195, 232, 141);\">\"http-server\"</span><em style=\"color: rgb(186, 190, 216);\">,</em><span style=\"color: rgb(186, 190, 216);\"> </span><span style=\"color: rgb(195, 232, 141);\">\"./dist\"</span><em style=\"color: rgb(186, 190, 216);\">,</em><span style=\"color: rgb(186, 190, 216);\"> </span><span style=\"color: rgb(195, 232, 141);\">\"--port\"</span><em style=\"color: rgb(186, 190, 216);\">,</em><span style=\"color: rgb(186, 190, 216);\"> </span><span style=\"color: rgb(195, 232, 141);\">\"5173\"</span><em style=\"color: rgb(186, 190, 216);\">,</em><span style=\"color: rgb(186, 190, 216);\"> </span><span style=\"color: rgb(195, 232, 141);\">\"-P\"</span><em style=\"color: rgb(186, 190, 216);\">,</em><span style=\"color: rgb(186, 190, 216);\"> </span><span style=\"color: rgb(195, 232, 141);\">\"http://localhost:5173?\"</span><em style=\"color: rgb(186, 190, 216);\">]</em></p><p><br></p><p><br></p><p><br></p>','','[Chore] Frontend Dockerfile 수정',59,4),(55,NULL,'2024-05-15 20:31:39.284000','<p><span style=\"color: rgb(240, 113, 120);\">services</span><span style=\"color: rgb(137, 221, 255);\">:</span></p><p><span style=\"color: rgb(186, 190, 216);\">&nbsp; </span><span style=\"color: rgb(240, 113, 120);\">zookeeper-1</span><span style=\"color: rgb(137, 221, 255);\">:</span></p><p><span style=\"color: rgb(186, 190, 216);\">&nbsp; &nbsp; </span><span style=\"color: rgb(240, 113, 120);\">image</span><span style=\"color: rgb(137, 221, 255);\">:</span><span style=\"color: rgb(186, 190, 216);\"> </span><span style=\"color: rgb(195, 232, 141);\">confluentinc/cp-zookeeper:latest</span></p><p><span style=\"color: rgb(186, 190, 216);\">&nbsp; &nbsp; </span><span style=\"color: rgb(240, 113, 120);\">ports</span><span style=\"color: rgb(137, 221, 255);\">:</span></p><p><span style=\"color: rgb(186, 190, 216);\">&nbsp; &nbsp; &nbsp; </span><span style=\"color: rgb(137, 221, 255);\">-</span><span style=\"color: rgb(186, 190, 216);\"> </span><span style=\"color: rgb(137, 221, 255);\">\"</span><span style=\"color: rgb(195, 232, 141);\">2181:2181</span><span style=\"color: rgb(137, 221, 255);\">\"</span></p><p><span style=\"color: rgb(186, 190, 216);\">&nbsp; &nbsp; </span><span style=\"color: rgb(240, 113, 120);\">environment</span><span style=\"color: rgb(137, 221, 255);\">:</span></p><p><span style=\"color: rgb(186, 190, 216);\">&nbsp; &nbsp; &nbsp; </span><span style=\"color: rgb(240, 113, 120);\">ZOOKEEPER_CLIENT_PORT</span><span style=\"color: rgb(137, 221, 255);\">:</span><span style=\"color: rgb(186, 190, 216);\"> </span><span style=\"color: rgb(247, 140, 108);\">2181</span></p><p><span style=\"color: rgb(186, 190, 216);\">&nbsp; &nbsp; &nbsp; </span><span style=\"color: rgb(240, 113, 120);\">ZOOKEEPER_SERVER_ID</span><span style=\"color: rgb(137, 221, 255);\">:</span><span style=\"color: rgb(186, 190, 216);\"> </span><span style=\"color: rgb(247, 140, 108);\">1</span></p><p><span style=\"color: rgb(186, 190, 216);\">&nbsp; &nbsp; &nbsp; </span><span style=\"color: rgb(240, 113, 120);\">ZOOKEEPER_SERVERS</span><span style=\"color: rgb(137, 221, 255);\">:</span><span style=\"color: rgb(186, 190, 216);\"> </span><span style=\"color: rgb(195, 232, 141);\">zookeeper-1:2888:3888;zookeeper-2:2888:3888;zookeeper-3:2888:3888</span></p><p><span style=\"color: rgb(186, 190, 216);\">&nbsp; &nbsp; </span><span style=\"color: rgb(240, 113, 120);\">volumes</span><span style=\"color: rgb(137, 221, 255);\">:</span></p><p><span style=\"color: rgb(186, 190, 216);\">&nbsp; &nbsp; &nbsp; </span><span style=\"color: rgb(137, 221, 255);\">-</span><span style=\"color: rgb(186, 190, 216);\"> </span><span style=\"color: rgb(195, 232, 141);\">zookeeper-data-1:/var/lib/zookeeper/data</span></p><p><span style=\"color: rgb(186, 190, 216);\">&nbsp; &nbsp; &nbsp; </span><span style=\"color: rgb(137, 221, 255);\">-</span><span style=\"color: rgb(186, 190, 216);\"> </span><span style=\"color: rgb(195, 232, 141);\">zookeeper-log-1:/var/lib/zookeeper/log</span></p><p><br></p><p><br></p>','','[Chore] Kafka + Zookeeper Compose 파일 생성',45,4),(56,NULL,'2024-05-18 20:33:31.341000','<p><span style=\"color: rgb(137, 221, 255);\">[</span><span style=\"color: rgb(195, 232, 141);\">Unit</span><span style=\"color: rgb(137, 221, 255);\">]</span></p><p><span style=\"color: rgb(195, 232, 141);\">Description=Redis In-Memory Data Store</span></p><p><span style=\"color: rgb(195, 232, 141);\">After=network.target</span></p><p><br></p><p><span style=\"color: rgb(137, 221, 255);\">[</span><span style=\"color: rgb(195, 232, 141);\">Service</span><span style=\"color: rgb(137, 221, 255);\">]</span></p><p><span style=\"color: rgb(195, 232, 141);\">User=flash</span></p><p><span style=\"color: rgb(195, 232, 141);\">Group=flash</span></p><p><span style=\"color: rgb(195, 232, 141);\">ExecStart=/usr/local/bin/redis-server /etc/redis/redis.conf</span></p><p><span style=\"color: rgb(195, 232, 141);\">ExecStop=/usr/local/bin/redis-cli shutdown</span></p><p><span style=\"color: rgb(195, 232, 141);\">Restart=always</span></p><p><br></p><p><span style=\"color: rgb(137, 221, 255);\">[</span><span style=\"color: rgb(195, 232, 141);\">Install</span><span style=\"color: rgb(137, 221, 255);\">]</span></p><p><span style=\"color: rgb(195, 232, 141);\">WantedBy=multi-user.target</span></p><p><br></p>','','[Chore] Redis Config 파일 수정',35,4),(57,NULL,'2024-05-20 00:06:13.177507','<p>테스트입니다.</p>','','[Feat]',73,2);
/*!40000 ALTER TABLE `job` ENABLE KEYS */;
UNLOCK TABLES;

--
-- Table structure for table `member`
--

DROP TABLE IF EXISTS `member`;
/*!40101 SET @saved_cs_client     = @@character_set_client */;
/*!50503 SET character_set_client = utf8mb4 */;
CREATE TABLE `member` (
  `id` bigint NOT NULL AUTO_INCREMENT,
  `summary` varchar(255) DEFAULT NULL,
  `account_id` bigint DEFAULT NULL,
  `project_id` bigint DEFAULT NULL,
  PRIMARY KEY (`id`),
  KEY `FK4jsivcqa7rxm6w59nggnpywh9` (`account_id`),
  KEY `FKn4gkqnpww70e7vcyfh0lt2imn` (`project_id`),
  CONSTRAINT `FK4jsivcqa7rxm6w59nggnpywh9` FOREIGN KEY (`account_id`) REFERENCES `account` (`id`),
  CONSTRAINT `FKn4gkqnpww70e7vcyfh0lt2imn` FOREIGN KEY (`project_id`) REFERENCES `project` (`id`)
) ENGINE=InnoDB AUTO_INCREMENT=33 DEFAULT CHARSET=utf8mb4 COLLATE=utf8mb4_0900_ai_ci;
/*!40101 SET character_set_client = @saved_cs_client */;

--
-- Dumping data for table `member`
--

LOCK TABLES `member` WRITE;
/*!40000 ALTER TABLE `member` DISABLE KEYS */;
INSERT INTO `member` VALUES (1,NULL,1,1),(2,'메인 화면, 마이페이지, 팀 대시보드 UI 초본, 칸반보드 추가, 동시 작업 기능 등 구현',2,1),(3,NULL,3,1),(4,'인증 필터 생성',4,1),(5,NULL,5,1),(6,NULL,6,1),(7,'프론트엔드 환경 변수 수정, 백앤드 환경 변수 추가, 쿠버네티스 추가',3,2),(8,NULL,4,2),(9,'SSH 키를 테스트하고 문제 해결',5,2),(10,NULL,1,2),(11,'도커를 이용한 배포환경 구축을 위한 로그아웃 및 카프카 설치',2,2),(12,'빠른 작업 요약 전문가',4,3),(13,NULL,2,4),(14,NULL,3,4),(15,NULL,5,5),(16,NULL,2,5),(17,NULL,4,5),(18,NULL,2,6),(19,NULL,1,6),(20,NULL,6,6),(21,NULL,5,7),(22,NULL,6,7),(23,NULL,2,7),(24,NULL,3,7),(25,NULL,6,8),(26,NULL,1,8),(27,NULL,2,8),(28,NULL,6,9),(29,NULL,2,9),(30,NULL,4,9),(31,NULL,7,10),(32,NULL,5,10);
/*!40000 ALTER TABLE `member` ENABLE KEYS */;
UNLOCK TABLES;

--
-- Table structure for table `notification`
--

DROP TABLE IF EXISTS `notification`;
/*!40101 SET @saved_cs_client     = @@character_set_client */;
/*!50503 SET character_set_client = utf8mb4 */;
CREATE TABLE `notification` (
  `id` bigint NOT NULL AUTO_INCREMENT,
  `created_at` datetime(6) DEFAULT NULL,
  `is_read` bit(1) NOT NULL,
  `assignee_id` bigint DEFAULT NULL,
  `member_id` bigint DEFAULT NULL,
  PRIMARY KEY (`id`),
  KEY `FKpp9r9pdxei2hijn5brg8r60ym` (`assignee_id`),
  KEY `FK1xep8o2ge7if6diclyyx53v4q` (`member_id`),
  CONSTRAINT `FK1xep8o2ge7if6diclyyx53v4q` FOREIGN KEY (`member_id`) REFERENCES `member` (`id`),
  CONSTRAINT `FKpp9r9pdxei2hijn5brg8r60ym` FOREIGN KEY (`assignee_id`) REFERENCES `assignee` (`id`)
) ENGINE=InnoDB AUTO_INCREMENT=46 DEFAULT CHARSET=utf8mb4 COLLATE=utf8mb4_0900_ai_ci;
/*!40101 SET character_set_client = @saved_cs_client */;

--
-- Dumping data for table `notification`
--

LOCK TABLES `notification` WRITE;
/*!40000 ALTER TABLE `notification` DISABLE KEYS */;
INSERT INTO `notification` VALUES (1,'2024-05-17 14:12:26.427629',_binary '',10,11),(2,'2024-05-17 14:12:44.940856',_binary '',10,11),(3,'2024-05-17 14:12:44.943061',_binary '\0',10,7),(4,'2024-05-17 14:12:44.944901',_binary '\0',10,9),(5,'2024-05-17 14:14:07.981765',_binary '\0',10,11),(6,'2024-05-17 14:14:07.983797',_binary '',10,10),(7,'2024-05-17 15:11:09.920790',_binary '\0',15,7),(8,'2024-05-17 15:11:09.930661',_binary '\0',15,11),(9,'2024-05-17 15:12:33.755170',_binary '\0',15,7),(10,'2024-05-17 15:17:50.860691',_binary '\0',15,7),(11,'2024-05-17 15:17:50.863191',_binary '\0',15,11),(12,'2024-05-17 15:22:13.364606',_binary '\0',15,7),(13,'2024-05-17 15:22:13.367028',_binary '\0',15,11),(14,'2024-05-17 15:31:18.932887',_binary '\0',15,11),(15,'2024-05-17 15:31:18.935752',_binary '\0',15,7),(16,'2024-05-17 17:21:53.686142',_binary '\0',19,1),(17,'2024-05-17 17:21:53.692835',_binary '\0',19,3),(18,'2024-05-17 17:33:07.105791',_binary '\0',37,1),(19,'2024-05-17 17:33:07.113220',_binary '\0',37,2),(20,'2024-05-17 17:33:07.116838',_binary '\0',37,3),(21,'2024-05-17 17:33:07.120170',_binary '\0',37,4),(22,'2024-05-17 17:33:07.123597',_binary '\0',37,5),(23,'2024-05-17 17:33:40.993407',_binary '\0',37,1),(24,'2024-05-17 17:33:40.995561',_binary '\0',37,2),(25,'2024-05-17 17:33:40.998772',_binary '\0',37,3),(26,'2024-05-17 17:33:41.002655',_binary '\0',37,4),(27,'2024-05-17 17:33:41.005671',_binary '\0',37,5),(28,'2024-05-17 17:33:41.008316',_binary '\0',37,6),(29,'2024-05-17 17:34:26.538906',_binary '\0',38,7),(30,'2024-05-17 17:34:26.543125',_binary '\0',38,11),(31,'2024-05-17 17:44:14.233497',_binary '\0',40,1),(32,'2024-05-17 17:44:14.239716',_binary '\0',40,2),(33,'2024-05-17 17:44:14.242714',_binary '\0',40,3),(34,'2024-05-17 17:44:14.245254',_binary '',40,4),(35,'2024-05-17 17:44:14.248158',_binary '\0',40,5),(36,'2024-05-18 19:30:02.693922',_binary '',30,4),(37,'2024-05-18 19:30:02.700054',_binary '\0',30,5),(38,'2024-05-18 20:29:40.874920',_binary '\0',52,1),(39,'2024-05-18 20:29:40.881722',_binary '\0',52,2),(40,'2024-05-18 20:29:40.887926',_binary '\0',52,3),(41,'2024-05-18 20:29:40.890028',_binary '\0',52,5),(42,'2024-05-18 20:29:40.892138',_binary '\0',52,6),(43,'2024-05-19 00:27:09.042055',_binary '\0',43,4),(44,'2024-05-19 00:27:09.054974',_binary '\0',43,5),(45,'2024-05-20 00:06:13.256708',_binary '',55,4);
/*!40000 ALTER TABLE `notification` ENABLE KEYS */;
UNLOCK TABLES;

--
-- Table structure for table `project`
--

DROP TABLE IF EXISTS `project`;
/*!40101 SET @saved_cs_client     = @@character_set_client */;
/*!50503 SET character_set_client = utf8mb4 */;
CREATE TABLE `project` (
  `id` bigint NOT NULL AUTO_INCREMENT,
  `bio` varchar(100) NOT NULL,
  `created_at` datetime(6) NOT NULL,
  `secret_key` varchar(255) DEFAULT NULL,
  `title` varchar(100) NOT NULL,
  `account_id` bigint NOT NULL,
  PRIMARY KEY (`id`),
  KEY `FKt75uy6hdr646hum7eqvwm9slj` (`account_id`),
  CONSTRAINT `FKt75uy6hdr646hum7eqvwm9slj` FOREIGN KEY (`account_id`) REFERENCES `account` (`id`)
) ENGINE=InnoDB AUTO_INCREMENT=11 DEFAULT CHARSET=utf8mb4 COLLATE=utf8mb4_0900_ai_ci;
/*!40101 SET character_set_client = @saved_cs_client */;

--
-- Dumping data for table `project`
--

LOCK TABLES `project` WRITE;
/*!40000 ALTER TABLE `project` DISABLE KEYS */;
INSERT INTO `project` VALUES (1,'다양한 일정관리, ','2024-05-17 13:46:54.439273',NULL,'sharep',1),(2,'국회의원의 공약과 실천을 한 꿀통에 담다.','2024-05-17 14:09:22.143006',NULL,'여의도 꿀통',3),(3,'테스트 프로젝트입니다~','2024-05-17 17:49:09.384982',NULL,'테스트',4),(4,'손글씨 만들어 드립니다.','2024-05-18 20:02:24.443605',NULL,'손만두',2),(5,'취업준비 프로세스 관리 플랫폼','2024-05-18 20:02:59.350556',NULL,'Pro.log',5),(6,'삼성닷컴 비교하기 기능 개선을 위한 프로젝트','2024-05-18 20:03:59.919913',NULL,'ChatDa',2),(7,'손쉬운 여행의 시작','2024-05-18 20:04:06.712966',NULL,'Triplan',5),(8,'시각화된 화면을 통해 완성도 있는 작품을 만들 수 있는 작가를 위한 서비스','2024-05-18 20:05:36.991904',NULL,'[공통 프로젝트] 시:작',6),(9,'출국 전, 인천공항에서 필요한 정보를 제공하는 서비스','2024-05-18 20:08:44.605957',NULL,'[특화 프로젝트] InBuddy',6),(10,'test','2024-05-19 17:54:26.859624',NULL,'test',7);
/*!40000 ALTER TABLE `project` ENABLE KEYS */;
UNLOCK TABLES;

--
-- Table structure for table `role`
--

DROP TABLE IF EXISTS `role`;
/*!40101 SET @saved_cs_client     = @@character_set_client */;
/*!50503 SET character_set_client = utf8mb4 */;
CREATE TABLE `role` (
  `id` bigint NOT NULL AUTO_INCREMENT,
  `role` enum('BACK_END','FRONT_END','INFRA','DESIGNER') DEFAULT NULL,
  `member_id` bigint DEFAULT NULL,
  PRIMARY KEY (`id`),
  KEY `FKpbqh29lw7s49wom5hhusnumr3` (`member_id`),
  CONSTRAINT `FKpbqh29lw7s49wom5hhusnumr3` FOREIGN KEY (`member_id`) REFERENCES `member` (`id`)
) ENGINE=InnoDB AUTO_INCREMENT=54 DEFAULT CHARSET=utf8mb4 COLLATE=utf8mb4_0900_ai_ci;
/*!40101 SET character_set_client = @saved_cs_client */;

--
-- Dumping data for table `role`
--

LOCK TABLES `role` WRITE;
/*!40000 ALTER TABLE `role` DISABLE KEYS */;
INSERT INTO `role` VALUES (1,'FRONT_END',1),(2,'DESIGNER',2),(3,'BACK_END',3),(4,'FRONT_END',4),(5,'BACK_END',5),(6,'INFRA',6),(7,'FRONT_END',7),(8,'DESIGNER',7),(9,'BACK_END',8),(10,'INFRA',8),(11,'FRONT_END',9),(12,'DESIGNER',9),(13,'FRONT_END',10),(14,'DESIGNER',10),(15,'BACK_END',11),(16,'INFRA',11),(17,'FRONT_END',12),(18,'BACK_END',12),(19,'INFRA',12),(20,'DESIGNER',12),(21,'BACK_END',13),(22,'INFRA',13),(23,'FRONT_END',14),(24,'DESIGNER',14),(25,'FRONT_END',15),(26,'BACK_END',15),(27,'INFRA',16),(28,'DESIGNER',16),(29,'BACK_END',17),(30,'INFRA',17),(31,'BACK_END',18),(32,'INFRA',19),(33,'FRONT_END',20),(34,'DESIGNER',20),(35,'FRONT_END',21),(36,'BACK_END',21),(37,'INFRA',22),(38,'DESIGNER',22),(39,'BACK_END',23),(40,'INFRA',23),(41,'FRONT_END',24),(42,'DESIGNER',24),(43,'FRONT_END',25),(44,'BACK_END',26),(45,'INFRA',27),(46,'FRONT_END',28),(47,'BACK_END',29),(48,'INFRA',30),(49,'FRONT_END',31),(50,'DESIGNER',31),(51,'BACK_END',32),(52,'INFRA',32),(53,'DESIGNER',32);
/*!40000 ALTER TABLE `role` ENABLE KEYS */;
UNLOCK TABLES;

--
-- Table structure for table `storyboard`
--

DROP TABLE IF EXISTS `storyboard`;
/*!40101 SET @saved_cs_client     = @@character_set_client */;
/*!50503 SET character_set_client = utf8mb4 */;
CREATE TABLE `storyboard` (
  `id` bigint NOT NULL AUTO_INCREMENT,
  `feature_issue_id` bigint DEFAULT NULL,
  `screen_issue_id` bigint DEFAULT NULL,
  PRIMARY KEY (`id`),
  KEY `FK7sljmwvp2eitd6tjcbc3d5ha3` (`feature_issue_id`),
  KEY `FK9oqp8y9vl9hs1xgcdcahuux88` (`screen_issue_id`),
  CONSTRAINT `FK7sljmwvp2eitd6tjcbc3d5ha3` FOREIGN KEY (`feature_issue_id`) REFERENCES `issue` (`id`),
  CONSTRAINT `FK9oqp8y9vl9hs1xgcdcahuux88` FOREIGN KEY (`screen_issue_id`) REFERENCES `issue` (`id`)
) ENGINE=InnoDB AUTO_INCREMENT=30 DEFAULT CHARSET=utf8mb4 COLLATE=utf8mb4_0900_ai_ci;
/*!40101 SET character_set_client = @saved_cs_client */;

--
-- Dumping data for table `storyboard`
--

LOCK TABLES `storyboard` WRITE;
/*!40000 ALTER TABLE `storyboard` DISABLE KEYS */;
INSERT INTO `storyboard` VALUES (1,1,11),(2,20,29),(3,21,30),(4,22,31),(5,2,11),(6,3,12),(7,4,12),(8,5,12),(9,6,13),(10,7,13),(11,8,13),(12,9,13),(13,10,13),(16,54,11),(19,55,17),(20,56,17),(21,57,17),(22,49,18),(24,67,11),(25,68,12),(26,66,12),(27,65,15);
/*!40000 ALTER TABLE `storyboard` ENABLE KEYS */;
UNLOCK TABLES;
/*!40103 SET TIME_ZONE=@OLD_TIME_ZONE */;

/*!40101 SET SQL_MODE=@OLD_SQL_MODE */;
/*!40014 SET FOREIGN_KEY_CHECKS=@OLD_FOREIGN_KEY_CHECKS */;
/*!40014 SET UNIQUE_CHECKS=@OLD_UNIQUE_CHECKS */;
/*!40101 SET CHARACTER_SET_CLIENT=@OLD_CHARACTER_SET_CLIENT */;
/*!40101 SET CHARACTER_SET_RESULTS=@OLD_CHARACTER_SET_RESULTS */;
/*!40101 SET COLLATION_CONNECTION=@OLD_COLLATION_CONNECTION */;
/*!40111 SET SQL_NOTES=@OLD_SQL_NOTES */;

-- Dump completed on 2024-05-20  9:05:09
